codi;nom;comarca;pob;km2;alt;lon;lat;basics;n_salut_primaria;n_cap_o_consultori;n_atencio_continuada;n_univ_centre;n_hospital;n_hospital_urg24;n_estacio_bus;n_primaria;n_eso;n_batxillerat;n_llar_infants;n_primaria_pub;n_eso_pub;n_fp;n_fp_superior;n_farmaciola;n_farmacia;n_biblioteca_publica;n_centre_cultural;n_cinema;n_teatre_auditori;n_museu;n_esport_installacio;n_piscina_coberta;n_pavello;n_estacio_tren;n_osm_pharmacy;n_osm_cinema;n_osm_bank;n_osm_bank_o_atm;n_osm_theatre;n_osm_supermarket;n_osm_post_office;n_osm_atm;d_hospital;d_hospital_urg24;d_eso;d_batxillerat;d_fp;d_farmacia;d_cinema;d_estacio_tren;d_univ_centre;d_biblioteca_publica;d_piscina_coberta;d_teatre_auditori
250019;Abella de la Conca;Pallars Jussà;162;78.27;956;1.09200;42.16151;0;0;0;0;0;0;0;0;0;0;0;0;0;0;0;0;0;0;0;0;0;0;0;0;0;0;0;0;0;0;0;0;0;0;0;16.07;16.07;14.37;13.49;13.49;6.34;16.34;13.46;16.25;14.19;18.78;39.63
080018;Abrera;Baix Llobregat;13207;19.94;105;1.90140;41.51634;8;2;2;0;0;0;0;0;3;1;1;3;3;1;0;0;1;4;1;1;1;1;0;28;1;2;1;4;1;0;3;1;4;1;3;5.19;5.19;0;0;1.91;0;0;0;10.88;0;0;0
250024;Àger;Noguera;635;160.57;642;0.76350;41.99921;6;0;0;0;0;0;0;0;1;0;0;1;1;0;0;0;0;1;1;0;0;0;1;4;0;0;1;1;0;1;1;0;1;1;0;21.44;21.44;21.07;21.07;18.94;0;21.34;0;21.08;0;23.58;23.91
250030;Agramunt;Urgell;5638;79.65;337;1.09885;41.78708;7;1;1;1;0;0;0;0;2;1;1;1;1;1;1;0;0;3;1;2;1;0;3;16;1;1;0;3;0;4;4;1;4;0;0;43.29;44.2;0;0;0;0;0;15.56;43.96;0;0;15.73
080023;Aguilar de Segarra;Bages;293;43.32;480;1.62881;41.73980;2;1;1;0;0;0;0;0;0;0;0;0;0;0;0;0;0;0;0;0;0;0;0;6;0;0;1;0;0;0;0;0;0;0;0;16.9;16.9;9.63;9.63;14.37;6.66;9.68;0;16.25;9.61;13.71;9.82
170010;Agullana;Alt Empordà;881;27.73;166;2.84689;42.39392;4;1;1;0;0;0;0;0;1;0;0;1;1;0;0;0;0;1;1;0;0;0;2;5;0;0;0;1;0;0;0;0;0;0;0;16.62;16.62;3.31;3.31;16.46;0;18.18;16.41;45.37;0;16.43;3.3
080142;Aiguafreda;Vallès Oriental;2569;7.9;404;2.24974;41.76868;5;0;0;0;0;0;0;0;1;0;0;0;1;0;0;0;0;1;1;0;0;0;0;10;0;1;0;1;0;2;2;0;1;1;0;17.72;17.72;4.11;4.62;4.62;0;9.65;0.9;18.02;0;3.42;4.17
430017;Aiguamúrcia;Alt Camp;1002;72.95;314;1.36297;41.34631;3;1;1;0;0;0;0;0;2;0;0;2;2;0;0;0;1;1;0;1;0;0;0;11;0;0;0;1;0;0;0;0;0;0;0;11.63;11.63;10.74;10.74;10.74;0;4.05;10.75;22.88;4;10.36;11.49
170025;Aiguaviva;Gironès;805;13.91;169;2.76209;41.93766;4;1;1;0;0;0;0;0;1;0;0;1;1;0;0;0;0;1;0;2;0;0;0;12;0;0;0;1;0;0;0;0;1;0;0;4.85;4.85;3.54;3.54;3.81;0;3.59;3.96;4.33;3.52;3.85;3.08
250387;Aitona;Segrià;2575;66.9;110;0.45841;41.49447;5;0;0;0;0;0;0;0;1;0;0;1;1;0;0;0;0;1;1;0;0;0;0;9;0;1;0;1;0;3;3;0;3;1;0;19.42;19.42;5.17;5.17;15.31;0;19.53;20.2;14.99;0;15.45;18.55
250045;els Alamús;Segrià;837;20.53;212;0.73880;41.61599;2;0;0;0;0;0;0;0;1;0;0;1;1;0;0;0;0;1;0;1;0;0;0;5;0;0;0;1;0;0;0;0;0;0;0;9.37;10.59;6.32;7.72;8.87;0;9.19;3.96;9.48;3.72;8.26;4.98
250058;Alàs i Cerc;Alt Urgell;320;57.67;768;1.51356;42.33555;2;1;1;0;0;0;0;0;1;0;0;0;1;0;0;0;0;0;0;0;0;0;0;2;0;0;0;0;0;0;0;0;0;0;0;4.83;4.83;5.02;5.02;5.02;4.81;5.29;31.83;5.1;4.82;4.97;15.55
250061;l'Albagés;Garrigues;339;25.7;372;0.74081;41.44701;3;0;0;0;0;0;0;0;1;0;0;1;1;0;0;0;0;1;1;0;0;0;0;2;0;0;0;1;0;0;0;0;0;0;0;21.68;22.59;11.98;13.11;11.06;0;10.24;11.88;20.35;0;19.62;5.98
170031;Albanyà;Alt Empordà;158;94.39;239;2.72085;42.30546;1;0;0;0;0;0;0;0;1;0;0;0;1;0;0;0;0;0;0;0;0;0;0;4;0;0;0;0;0;0;0;0;0;0;0;19.76;19.76;11.95;17.59;19.48;9.31;21.67;18.87;36.56;11.94;14.78;9.98
250077;Albatàrrec;Segrià;2312;10.46;147;0.60504;41.57204;3;0;0;0;0;0;0;0;1;0;0;1;1;0;0;0;0;1;0;1;0;0;0;7;0;1;0;1;0;2;2;0;0;0;0;5.75;6.01;2.17;3.37;3.37;0;5.73;5.85;4.17;4.74;2.16;4.38
250083;Albesa;Noguera;1582;37.61;237;0.65964;41.75083;6;1;1;0;0;0;0;0;1;0;0;1;1;0;0;0;0;1;1;2;0;0;0;9;0;1;0;1;0;1;1;0;1;0;0;14.45;14.45;8.89;8.89;8.89;0;12.77;9.05;14.41;0;12.49;11.9
250096;l'Albi;Garrigues;764;32.54;526;0.93617;41.42297;4;1;1;0;0;0;0;0;1;0;0;2;1;0;0;0;0;1;1;1;0;0;0;3;0;1;0;1;0;0;0;0;0;0;0;30.56;30.56;11.97;11.97;11.59;0;6.35;2.86;32.95;0;22.7;6.35
430022;Albinyana;Baix Penedès;2718;19.37;198;1.48623;41.24560;4;1;1;0;0;0;0;0;1;0;0;2;1;0;0;0;0;1;0;2;0;0;0;13;0;0;0;1;0;1;1;0;0;1;0;5.31;5.31;3.29;3.29;4.66;0;5.42;5.11;7.83;4.01;4.61;4.74
430038;l'Albiol;Baix Camp;556;20.34;823;1.08964;41.25171;0;0;0;0;0;0;0;0;0;0;0;0;0;0;0;0;0;0;0;0;0;0;0;4;0;0;0;0;0;0;0;0;0;0;0;10.27;10.88;5.78;5.78;9.48;6.05;10.12;6.4;10.82;6.05;6.19;6.57
170046;Albons;Baix Empordà;852;11.13;25;3.08533;42.10424;1;0;0;0;0;0;0;0;1;0;0;1;1;0;0;0;0;0;0;1;0;0;0;2;0;0;0;1;0;0;0;0;0;0;0;21.11;21.11;4.32;4.32;4.32;2.91;7.69;10.1;25.03;3.43;4.13;7.72
430043;Alcanar;Montsià;10048;47.07;72;0.48198;40.54284;7;2;2;0;0;0;0;0;2;1;1;1;2;1;1;0;0;3;2;1;0;1;2;19;1;1;0;3;0;6;6;2;5;1;0;20.17;20.17;0;0;0;0;19.14;6.52;19.91;0;0;0
250100;Alcanó;Segrià;247;21.03;214;0.61725;41.48049;2;1;1;0;0;0;0;0;1;0;0;0;1;0;0;0;1;0;0;2;0;0;0;2;0;0;0;0;0;0;0;0;0;0;0;15.78;16.17;12.2;12.2;13.26;5.25;15.6;12.64;13.82;10.45;12.39;10.92
250117;Alcarràs;Segrià;10556;114.29;137;0.52438;41.56289;7;1;1;1;0;0;0;0;2;2;1;2;2;2;0;0;0;3;1;0;0;0;0;16;0;2;0;3;0;2;2;1;5;1;0;10.11;10.11;0;0;6.07;0;10.33;11.09;5.64;0;6.17;9.42
250122;Alcoletge;Segrià;3679;16.7;213;0.69434;41.64701;5;0;0;0;0;0;0;0;1;0;0;1;1;0;0;0;0;1;1;0;0;2;0;8;0;1;1;1;0;1;1;0;0;0;0;6.28;7.22;5.18;5.33;5.63;0;6.22;0;6.96;0;5.41;0
430056;Alcover;Alt Camp;5357;46;243;1.17027;41.26309;8;1;1;1;0;0;0;0;1;1;1;1;1;1;0;0;0;1;1;1;0;1;1;8;1;2;1;1;0;3;3;1;4;1;0;7.17;7.17;0;0;7;0;6.59;0;13.2;0;0;0
439044;l'Aldea;Baix Ebre;4725;35.21;9;0.62001;40.74629;6;0;0;0;0;0;0;0;2;0;0;1;2;0;0;0;0;2;1;1;0;0;0;11;0;2;1;2;0;3;4;0;2;0;1;5.45;5.45;3.89;3.89;5.19;0;6.92;0;5.66;0;5.43;4.99
430069;Aldover;Baix Ebre;910;20.2;14;0.49997;40.87988;2;0;0;0;0;0;0;0;1;0;0;1;1;0;0;0;0;1;0;3;0;0;0;5;0;1;0;1;0;0;0;0;0;0;0;7.47;7.47;6.18;6.34;6.34;0;6.85;8.3;6.99;6;6.59;8.34
430075;l'Aleixar;Baix Camp;1026;26.1;262;1.04613;41.20172;3;0;0;0;0;0;0;0;1;0;0;1;1;0;0;0;0;1;0;2;0;0;0;6;0;0;0;1;0;0;1;0;0;0;1;6.84;7.44;3.66;3.66;5.86;0;6.96;4.4;7.14;4.77;6.85;3.9
080039;Alella;Maresme;10251;9.58;90;2.29513;41.49367;7;1;1;0;0;0;0;0;3;2;1;3;2;1;1;1;0;3;1;0;1;0;0;19;1;1;0;3;0;3;3;0;3;0;0;4.98;4.98;0;0;0;0;0;2.24;5.06;0;0;2.2
430081;Alfara de Carles;Baix Ebre;355;63.87;334;0.40041;40.87295;2;0;0;0;0;0;0;0;1;0;0;1;1;0;0;0;0;1;0;1;0;0;0;5;0;0;0;1;0;0;0;0;0;0;0;11.75;11.75;9.97;9.97;9.97;0;10.94;12.63;11.83;10.4;9.97;12.26
250138;Alfarràs;Segrià;2790;11.4;281;0.56974;41.82953;6;1;1;0;0;0;0;0;1;0;0;1;1;0;1;1;0;1;1;0;0;0;0;10;0;1;0;1;0;1;1;0;4;0;0;22.92;22.92;3.29;3.29;0;0;15.52;20.09;22.22;0;20.56;20.05
250143;Alfés;Segrià;284;31.94;236;0.61650;41.51976;2;1;1;0;0;0;0;0;1;0;0;0;1;0;0;0;1;0;0;0;0;0;0;4;0;0;0;0;0;0;0;0;0;0;0;11.42;11.8;8.05;9.04;9.04;5.03;11.25;10.44;9.68;8.65;8.05;8.28
430094;Alforja;Baix Camp;2031;38.24;374;0.97537;41.21052;4;0;0;0;0;0;0;0;1;0;0;1;1;0;0;0;0;1;1;1;0;0;0;8;0;1;0;1;0;0;0;0;1;1;0;12.32;12.84;6.12;6.12;8.06;0;12.53;6.27;12.46;0;12.38;5.63
250156;Algerri;Noguera;424;54.32;345;0.63846;41.81610;1;0;0;0;0;0;0;0;1;0;0;1;1;0;0;0;0;0;0;1;0;0;0;4;0;0;0;1;0;0;0;0;0;0;0;21.27;21.27;5.52;5.52;5.52;5.88;14.09;14.41;20.94;5.87;14.68;14.16
250169;Alguaire;Segrià;3057;50.11;304;0.58374;41.73622;6;1;1;0;0;0;0;0;1;0;0;1;1;0;0;0;0;1;1;2;0;0;0;9;0;1;0;1;0;1;1;0;1;1;0;12.5;12.5;7.15;7.15;7.15;0;9.67;12.44;11.78;0;10.76;13.11
250175;Alins;Pallars Sobirà;270;183.19;1048;1.31770;42.54862;2;3;3;0;0;0;0;0;1;0;0;0;1;0;0;0;0;0;0;1;0;0;2;10;0;0;0;0;0;0;0;0;0;0;0;24.54;24.54;18.36;21.55;21.55;10.52;24.2;44.87;24.18;18.3;20.3;35.02
430108;Alió;Alt Camp;499;7.25;263;1.30647;41.29516;1;0;0;0;0;0;0;0;1;0;0;1;1;0;0;0;1;0;0;2;0;0;0;4;0;0;0;0;0;0;0;0;0;0;0;4.76;4.76;4.14;4.14;4.14;1.94;4.61;4.04;18.75;4.68;3.92;4.75
250194;Almacelles;Segrià;7197;49.03;247;0.43696;41.73149;6;2;1;1;0;0;0;0;1;1;1;1;1;1;1;1;0;3;1;2;1;0;1;15;0;2;0;2;0;0;0;0;3;0;0;18.7;18.7;0;0;0;0;0;20.5;17.27;0;17.99;19.78
250208;Almatret;Segrià;292;56.83;462;0.42356;41.30559;2;1;1;0;0;0;0;0;0;0;0;0;0;0;0;0;1;0;0;1;0;0;0;3;0;0;0;0;0;1;1;0;0;0;0;29.42;29.42;13.37;13.37;13.37;7.99;13.44;7.95;34.94;8.12;25.26;13.47
250215;Almenar;Segrià;3357;66.59;329;0.56768;41.79790;6;1;0;1;0;0;0;0;1;1;1;1;1;1;1;1;0;1;1;0;0;0;0;14;0;1;0;1;0;0;0;0;1;1;0;19.48;19.48;0;0;0;0;13.11;18.11;18.74;0;17.74;19.68
430115;Almoster;Baix Camp;1383;5.96;290;1.11257;41.19825;3;1;1;0;0;0;0;0;1;0;0;2;1;0;0;0;0;1;0;0;0;0;0;5;0;0;0;1;0;0;0;1;0;0;0;4.26;4.8;2.19;2.19;3.63;0;4.03;2.99;4.84;2.36;3;4.7
250220;Alòs de Balaguer;Noguera;117;69.08;297;0.96099;41.91229;1;1;1;0;0;0;0;0;0;0;0;0;0;0;0;0;0;0;0;0;0;0;0;3;0;0;0;0;0;0;0;0;0;0;0;28.55;28.55;7.2;7.2;7.2;6.63;18.01;9.24;28.28;7.21;18.04;19.07
170062;Alp;Cerdanya;1724;44.29;1158;1.93576;42.34657;6;0;0;0;0;0;0;0;1;0;0;1;1;0;0;0;0;1;1;1;0;1;1;17;0;1;1;1;0;1;2;1;2;2;1;9.43;9.43;9.47;9.62;9.62;0;9.66;0;39.16;0;7.31;0
080044;Alpens;Lluçanès;267;13.8;855;2.10107;42.11932;1;0;0;0;0;0;0;0;1;0;0;2;1;0;0;0;1;0;0;1;0;1;0;3;0;0;0;1;0;0;0;0;0;0;0;12.7;12.7;9.67;11.04;11.04;7.81;11.6;8.57;23.91;6.26;11.21;0
250236;Alpicat;Segrià;6556;15.33;264;0.55550;41.66588;6;0;0;0;0;0;0;0;1;1;0;2;1;1;0;0;0;2;1;1;1;0;0;18;0;2;0;1;1;2;2;0;3;1;0;6.48;6.48;0;2.88;5.11;0;0;8.25;5.12;0;5.8;7.57
250241;Alt Àneu;Pallars Sobirà;456;217.76;1076;1.11070;42.63419;1;1;1;0;0;0;0;0;0;0;0;0;0;0;0;0;0;0;0;0;0;0;0;8;0;0;0;0;0;0;0;0;0;0;0;26.67;26.67;1.09;24.59;24.59;1.3;31.31;45.43;41.96;1.13;22.84;27.05
430120;Altafulla;Tarragonès;5856;6.95;52;1.37681;41.14232;6;0;0;0;0;0;0;0;2;1;1;2;2;1;0;0;0;2;1;1;0;1;0;22;0;1;0;2;0;1;2;0;6;1;1;10.61;10.61;0;0;1.39;0;11.94;0.69;10.23;0;10;0
170078;Amer;Selva;2419;40.08;186;2.60328;42.00914;7;1;1;0;0;0;0;0;1;1;1;2;1;1;0;0;0;1;1;1;0;0;0;10;0;1;0;1;1;0;1;0;3;0;1;16.59;16.59;0;0;6.38;0;15.48;17.96;16.32;0;5.9;4.74
430136;l'Ametlla de Mar;Baix Ebre;7436;66.86;19;0.80357;40.88530;8;1;0;1;0;0;0;0;1;1;1;1;1;1;2;1;0;4;1;2;0;0;1;13;1;1;1;4;0;3;3;0;9;1;0;24.64;24.64;0;0;0;0;7.74;0;24.81;0;0;7.74
080057;l'Ametlla del Vallès;Vallès Oriental;9473;14.24;281;2.26143;41.66953;6;2;1;0;0;0;0;0;2;1;1;2;2;1;0;0;0;3;1;1;0;1;0;22;1;1;0;3;0;0;0;0;5;0;0;6.89;6.89;0;0;2.03;0;2.71;2.83;8.5;0;0;0
439060;l'Ampolla;Baix Ebre;3809;35.65;8;0.71441;40.81430;7;1;0;0;0;0;0;0;1;0;0;1;1;0;0;0;0;2;1;1;0;0;0;10;0;2;1;2;0;1;1;0;3;0;0;15.75;15.75;6.86;6.86;10.23;0;6.52;0;15.91;0;10.02;6.55
430141;Amposta;Montsià;23047;138.31;8;0.57894;40.71326;7;2;1;0;1;1;1;1;6;5;3;2;5;4;4;4;1;7;1;3;1;2;2;46;1;3;0;8;1;4;4;1;11;2;0;0;0;0;0;0;0;0;5.38;0;0;0;0
170084;Anglès;Selva;5904;16.31;181;2.63976;41.95674;6;0;0;1;0;0;0;0;2;2;1;1;1;1;1;1;0;2;1;2;0;0;0;9;1;1;0;2;0;3;4;0;9;1;1;13.18;13.18;0;0;0;0;11.09;14.27;12.76;0;0;2.04
250273;Anglesola;Urgell;1395;23.53;335;1.08158;41.65881;6;1;1;0;0;0;0;0;1;0;0;1;1;0;0;0;0;1;0;1;0;0;2;4;0;1;1;1;0;2;2;0;2;1;0;38.04;39.18;4.85;4.74;5.19;0;4.71;0;38.34;4.97;5.54;5.2
250292;Arbeca;Garrigues;2166;58.34;332;0.92497;41.54224;5;0;0;0;0;0;0;0;1;0;0;1;1;0;0;0;0;1;1;1;0;0;0;7;0;0;0;1;0;3;3;0;2;0;0;26.38;27.63;5.48;5.56;5.56;0;9.94;4.23;25.99;0;9.53;7.9
430167;l'Arboç;Baix Penedès;5701;14.13;166;1.60377;41.26778;7;1;1;1;0;0;0;0;3;3;2;1;1;1;1;0;0;3;1;1;0;0;2;11;1;1;1;3;0;0;0;2;1;0;0;7.06;7.06;0;0;0;0;4.81;0;11.22;0;0;7.66
430154;Arbolí;Baix Camp;138;20.78;714;0.97545;41.20959;1;0;0;0;0;0;0;0;0;0;0;0;0;0;0;0;0;0;0;0;0;0;0;7;0;0;0;0;0;0;0;0;1;0;0;12.27;12.78;6.05;6.05;7.96;0.11;12.48;6.18;12.4;0.2;12.33;5.55
170097;Arbúcies;Selva;6635;86.22;291;2.51113;41.81658;6;1;1;1;0;0;0;0;2;1;1;1;1;1;1;0;0;3;1;0;0;1;1;17;2;2;0;3;0;0;0;1;1;1;0;14.47;14.47;0;0;0;0;13.55;11.12;24.34;0;0;0
080060;Arenys de Mar;Maresme;16982;6.75;10;2.55168;41.57946;7;2;1;0;0;0;0;0;3;2;2;2;2;1;1;0;0;7;1;5;1;1;2;28;1;1;1;3;0;0;0;0;5;1;0;9.62;9.62;0;0;0;0;0;0;6.44;0;0;0
080076;Arenys de Munt;Maresme;9527;21.29;121;2.53953;41.61138;7;1;1;0;0;0;0;0;2;1;1;1;2;1;0;0;0;4;1;1;0;1;1;13;0;2;0;3;0;0;3;1;1;1;3;9.56;9.56;0;0;3.08;0;3.65;3.83;7.05;0;3.02;0
170101;Argelaguer;Garrotxa;467;12.54;183;2.63779;42.21575;2;0;0;0;0;0;0;0;1;0;0;0;1;0;0;0;1;0;1;3;0;0;0;5;0;1;0;0;0;0;0;0;0;0;0;14.34;14.34;5.18;12.52;12.63;2.04;13.41;25.75;29.54;0;10.96;13.93
080082;Argençola;Anoia;245;47.09;716;1.45314;41.60201;0;0;0;0;0;0;0;0;0;0;0;0;0;0;0;0;0;0;0;2;0;0;0;0;0;0;0;0;0;0;0;0;0;0;0;13.94;13.94;9.81;10.93;12.51;6.59;7.39;6.58;11.81;9.59;12.58;4.86
430173;l'Argentera;Baix Camp;139;10.12;344;0.90943;41.13740;1;0;0;0;0;0;0;0;0;0;0;0;0;0;0;0;0;0;0;1;0;0;0;3;0;0;1;0;0;0;0;0;0;0;0;16.7;16.9;7.37;7.37;7.37;3.57;14.65;0;16.47;3.64;14.36;7.5
080095;Argentona;Maresme;12891;25.4;88;2.40019;41.55539;7;1;1;1;0;0;0;0;4;1;1;2;4;1;0;0;0;5;1;2;1;0;1;22;0;1;0;4;1;1;1;1;1;0;0;2.49;2.49;0;0;2.45;0;0;4.5;4.12;0;2.26;3.75
170118;l'Armentera;Alt Empordà;1076;5.6;7;3.07257;42.17080;5;1;1;0;0;0;0;0;1;0;0;1;1;0;0;0;0;1;0;0;0;0;0;7;0;0;0;1;0;1;1;0;1;0;0;14.47;14.47;7.08;7.08;7.08;0;12.81;6.84;28.86;2.05;7.14;9.73
430189;Arnes;Terra Alta;460;42.97;506;0.26075;40.90993;5;1;1;0;0;0;0;0;1;0;0;1;1;0;0;0;0;1;0;1;1;0;1;6;0;0;0;1;1;1;1;0;1;0;0;24;24;20.72;22.23;22.17;0;0;24.83;24.16;6.95;20.89;22.03
250313;Arres;Aran;58;11.57;1224;0.72624;42.74781;0;0;0;0;0;0;0;0;0;0;0;0;0;0;0;0;0;0;0;0;0;0;0;0;0;0;0;0;0;0;0;0;0;0;0;7.75;7.75;8.27;8.27;6.9;4.82;6.94;59.8;66.61;8.07;8.04;7.08
250328;Arsèguel;Alt Urgell;85;10.59;950;1.60491;42.37210;1;1;1;0;0;0;0;0;0;0;0;0;0;0;0;0;0;0;0;0;0;0;0;0;0;0;0;0;0;0;0;0;0;0;0;11.99;11.99;12.17;12.17;12.17;7.47;12.38;23.99;12.06;11.93;11.64;7.09
080109;Artés;Bages;6211;17.87;316;1.95518;41.79812;6;0;0;1;0;0;0;0;2;2;1;1;1;1;1;1;0;2;1;2;0;1;0;11;0;1;0;2;0;2;2;0;4;1;0;12.95;12.95;0;0;0;0;12.17;12.51;12.38;0;6.04;0
250334;Artesa de Lleida;Segrià;1545;23.94;202;0.70321;41.55174;4;0;0;0;0;0;0;0;1;0;0;1;1;0;0;0;0;1;0;1;0;1;1;7;0;0;0;1;0;2;2;1;2;1;0;10.11;11.19;6.9;7.61;9.43;0;9.86;2.52;9.03;2.68;8.04;0
250349;Artesa de Segre;Noguera;3594;175.9;318;1.04574;41.89575;7;1;1;0;0;0;0;0;1;1;1;1;1;1;1;0;0;2;1;1;0;0;3;15;0;1;0;2;0;3;4;0;1;1;1;32.32;32.32;0;0;0;0;12.83;16.49;32.1;0;11.44;23.38
430192;Ascó;Ribera d'Ebre;1594;73.63;70;0.56711;41.18090;5;1;1;0;0;0;0;0;1;0;0;1;1;0;0;0;0;1;1;1;1;0;0;13;0;1;1;1;0;0;0;0;0;0;0;11.17;11.17;5.43;5.43;5.43;0;0;0;40.4;0;12.26;5.65
250365;Aspa;Segrià;232;10.21;256;0.67432;41.49415;1;1;1;0;0;0;0;0;0;0;0;0;0;0;0;0;0;0;0;0;0;0;0;3;0;0;0;0;0;0;0;0;0;0;0;14.79;15.53;12.21;12.62;13.42;7.03;14.56;8.25;13.31;7.37;12.37;7.05
250371;les Avellanes i Santa Linya;Noguera;434;102.96;567;0.76495;41.90814;3;2;2;0;0;0;0;0;2;0;0;0;2;0;0;0;1;0;0;2;0;0;0;8;0;0;2;1;0;0;0;0;0;0;0;30.53;30.53;12.66;12.66;12.66;5.52;13.59;0;30.18;10.1;13.68;13.93
080116;Avià;Berguedà;2263;27.23;677;1.82274;42.07724;4;1;1;0;0;0;0;0;1;0;0;1;1;0;0;0;0;1;0;0;0;0;0;11;0;1;0;1;0;2;2;0;0;1;0;3.97;3.97;2.47;3.44;3.27;0;3.48;31.4;37.37;3.17;3.12;2.7
080121;Avinyó;Bages;2325;63.23;353;1.97108;41.86381;7;1;1;0;0;0;0;0;1;1;0;1;1;1;0;0;0;1;1;2;0;0;0;10;0;2;0;1;0;2;2;1;2;1;0;19.35;19.35;0;7.93;7.49;0;18.62;18.58;18.13;0;7.49;7.62
170123;Avinyonet de Puigventós;Alt Empordà;1669;12.3;70;2.91122;42.24985;3;1;1;0;0;0;0;0;1;0;0;1;1;0;0;0;0;1;0;2;0;1;0;8;0;0;0;1;0;0;0;0;0;0;0;4.18;4.18;3.34;3.93;3.93;0;5.63;3.14;30.13;4.19;3.51;0
080137;Avinyonet del Penedès;Alt Penedès;1787;29.13;280;1.77933;41.36096;2;0;0;0;0;0;0;0;1;0;0;1;1;0;0;0;0;1;0;8;0;0;0;10;0;0;0;1;0;0;0;0;0;0;0;6.17;6.17;5.92;6.91;6.73;0;6.81;3.98;6.87;7.13;7.43;5.74
080155;Badalona;Barcelonès;230642;21.18;6;2.24787;41.45000;8;6;6;4;2;4;2;0;61;40;20;31;37;20;14;10;0;71;6;20;1;3;5;243;7;14;1;72;1;33;38;4;92;4;5;0;0;0;0;0;0;0;0;0;0;0;0
089045;Badia del Vallès;Vallès Occidental;13058;0.93;120;2.11569;41.50797;6;2;1;1;0;0;0;0;2;2;1;2;2;2;1;1;0;5;1;1;0;1;0;10;2;2;0;5;0;0;0;1;3;1;0;5.53;5.53;0;0;0;0;1.94;0.67;0.79;0;0;0
080168;Bagà;Berguedà;2167;43.13;785;1.86184;42.25265;6;1;1;0;0;0;0;0;1;1;1;1;1;1;1;1;0;1;0;0;0;0;1;13;0;1;0;1;0;3;3;0;2;0;0;16.33;16.33;0;0;0;0;16.6;12.83;35.11;13.48;16.01;2.68
250390;Baix Pallars;Pallars Sobirà;350;129.41;591;1.06390;42.32310;2;3;3;0;0;0;0;0;0;0;0;0;0;0;0;0;0;0;0;0;0;0;2;4;0;0;0;0;0;1;1;0;0;0;0;22.35;22.35;11.4;11.4;11.4;10.37;22.48;12.27;22.7;11.01;13.01;48
250404;Balaguer;Noguera;17667;57.32;233;0.80462;41.78955;8;2;1;0;0;0;0;1;6;4;3;4;4;2;3;2;0;4;1;2;1;1;2;27;2;4;1;4;0;6;6;2;8;1;0;23.77;24.22;0;0;0;0;0;0;24.16;0;0;0
080174;Balenyà;Osona;4007;17.35;587;2.23459;41.81250;6;0;0;0;0;0;0;0;1;1;0;1;1;1;0;0;0;1;1;1;0;0;0;12;0;1;1;1;0;1;1;0;0;1;0;13.97;13.97;0;1.91;1.91;0;13.2;0;13.17;0;2.37;1.97
080180;Balsareny;Bages;3354;36.91;327;1.87686;41.86321;7;1;0;0;0;0;0;0;1;1;0;1;1;1;0;0;0;1;1;1;0;0;0;9;0;1;0;1;0;2;2;1;4;1;0;16.2;16.2;0;4.09;4.09;0;15.64;15.01;14.18;0;4.16;4.05
430206;Banyeres del Penedès;Baix Penedès;3392;12.19;173;1.58083;41.27940;4;0;0;0;0;0;0;0;1;0;0;1;1;0;0;0;0;1;1;4;0;0;1;6;0;0;0;1;0;0;0;1;1;0;0;6.94;6.94;1.78;1.78;3.27;0;2.59;1.78;11.48;0;2.23;7.45
170157;Banyoles;Pla de l'Estany;20887;11.05;172;2.76372;42.11642;6;0;0;0;0;1;0;0;6;4;3;3;5;3;3;3;0;9;1;3;0;2;4;39;1;4;0;9;0;9;9;4;11;1;0;0;14.27;0;0;0;0;14.55;13.51;15.39;0;0;0
250411;Barbens;Pla d'Urgell;910;7.56;283;1.01850;41.67907;3;0;0;0;0;0;0;0;1;0;0;2;1;0;0;0;0;1;0;0;0;0;0;5;0;1;0;1;0;1;1;0;0;0;0;33.19;34.28;5.56;5.56;5.56;0;5.92;5.19;33.61;6;11.21;5.92
430213;Barberà de la Conca;Conca de Barberà;486;26.6;475;1.22745;41.41086;4;0;0;0;0;0;0;0;1;0;0;2;1;0;0;0;0;1;0;1;0;1;0;5;0;0;0;1;0;1;1;0;1;0;0;14.3;14.3;6.91;7;7;0;6.52;6.41;30.23;4.13;13.17;0
082520;Barberà del Vallès;Vallès Occidental;34031;8.31;146;2.12475;41.51553;8;1;1;0;0;0;0;0;7;4;2;9;7;4;2;2;0;9;1;3;1;1;0;52;2;3;1;9;1;6;7;1;8;1;1;4.81;4.81;0;0;0;0;0;0;1.92;0;0;0
080193;Barcelona;Barcelonès;1713247;101.35;9;2.17716;41.38251;8;40;28;2;128;15;11;3;348;245;166;272;186;98;138;123;1;1017;41;138;21;60;79;1258;111;89;26;1025;21;408;620;89;1076;54;212;0;0;0;0;0;0;0;0;0;0;0;0
250426;la Baronia de Rialb;Noguera;216;145.08;388;1.19847;41.92795;0;0;0;0;0;0;0;0;0;0;0;0;0;0;0;0;0;0;0;0;0;0;0;0;0;0;0;0;0;0;0;0;0;0;0;36.22;36.22;2.08;2.08;13.48;1.69;17.62;28.64;36.12;1.7;2.06;17.55
170160;Bàscara;Alt Empordà;1048;17.5;66;2.91062;42.15965;5;1;1;1;0;0;0;0;1;0;0;2;1;0;0;0;0;1;0;1;0;0;0;8;1;1;0;1;0;1;1;0;4;0;0;12.6;12.6;10.38;10.38;10.38;0;12.65;6.13;20.49;10.22;0;9.05
250447;Bassella;Alt Urgell;215;70.25;423;1.30283;42.01083;0;0;0;0;0;0;0;0;0;0;0;0;0;0;0;0;0;0;0;0;0;0;1;1;0;0;0;0;0;0;0;0;0;0;0;37.6;37.6;6.63;14.62;6.63;6.43;29.98;35.1;37.62;5.96;14.68;17.78
430228;Batea;Terra Alta;1873;128.41;376;0.31076;41.09489;6;1;1;0;0;0;0;0;1;1;0;2;1;1;0;0;0;1;0;0;1;0;1;6;1;1;0;1;0;1;1;0;2;0;0;27.38;27.38;0;11.55;11.55;0;0;14.86;35.41;11.58;0;11.64
250450;Bausen;Aran;62;17.72;931;0.71676;42.83444;0;0;0;0;0;0;0;0;0;0;0;0;0;0;0;0;0;0;0;0;0;0;0;0;0;0;0;0;0;0;0;0;0;0;0;16.15;16.15;16.6;16.6;2.92;2.63;16.6;69.19;76.21;16.38;16.36;15.23
080207;Begues;Baix Llobregat;7545;50.44;399;1.92472;41.33048;5;0;0;0;0;0;0;0;2;2;0;1;1;1;0;0;0;2;1;1;0;0;0;17;1;2;0;1;0;1;1;1;0;0;0;7.79;7.79;0;6.2;6.2;0;7.39;7.31;7.97;0;0;5.65
170139;Begur;Baix Empordà;4286;20.66;200;3.20690;41.95435;6;1;1;0;0;0;0;0;2;0;0;1;2;0;0;0;0;2;1;1;1;0;0;19;0;1;0;2;0;2;4;0;3;1;2;12.91;12.91;5.16;5.87;5.93;0;0;23.07;30.54;0;5.94;5.45
250463;Belianes;Urgell;512;15.69;373;1.01771;41.56174;4;0;0;0;0;0;0;0;1;0;0;2;1;0;0;0;0;1;1;0;0;0;1;4;0;0;0;1;0;1;1;0;0;0;0;33.23;34.47;7.61;7.61;7.61;0;7.22;7.88;33.05;0;12.52;7.22
251706;Bellaguarda;Garrigues;287;17.14;640;0.73852;41.33678;2;1;1;0;0;0;0;0;1;0;0;1;1;0;0;0;1;0;0;0;0;0;0;3;0;0;0;0;0;0;0;0;0;0;0;28.12;28.12;6.73;20.34;20.34;4.97;14.1;20.43;31.6;4.91;29.33;14.1
170182;Bellcaire d'Empordà;Baix Empordà;722;12.64;35;3.09442;42.08098;3;1;1;0;0;0;0;0;1;0;0;2;1;0;0;0;0;1;0;1;0;0;0;2;0;0;0;1;0;0;0;0;0;0;0;23.73;23.73;4.35;4.9;5.22;0;5.05;10.82;24.45;5.25;4.41;5.08
250479;Bellcaire d'Urgell;Noguera;1272;31.38;267;0.89054;41.75982;7;1;1;0;0;0;0;0;1;1;1;1;1;1;0;0;0;1;1;1;0;0;0;6;0;1;0;1;0;2;2;0;1;0;0;26.74;27.5;0;0;5.93;0;5.15;7.08;27.32;0;6.91;7.71
250485;Bell-lloc d'Urgell;Pla d'Urgell;2359;34.92;196;0.77948;41.62998;6;0;0;0;0;0;0;0;1;0;0;1;1;0;0;0;0;1;1;0;0;0;0;7;0;2;1;1;0;2;2;0;3;1;0;12.75;13.92;7.5;7.5;7.6;0;9.41;0;13.04;0;9.44;7.33
250498;Bellmunt d'Urgell;Noguera;174;5.11;379;0.95197;41.77399;2;1;1;0;0;0;0;0;1;0;0;1;1;0;0;0;0;0;0;0;0;0;0;5;0;1;0;0;0;0;0;0;0;0;0;31.87;32.67;4.34;4.34;10.37;2.14;5.43;11.5;32.47;4.14;11.27;12.3
430234;Bellmunt del Priorat;Priorat;288;8.86;261;0.76544;41.16395;2;1;1;0;0;0;0;0;1;0;0;1;1;0;0;0;0;0;0;0;0;0;1;3;0;0;0;0;0;0;0;0;0;0;0;13.14;13.14;5.05;5.05;5.05;4.99;11.93;5.26;28.42;4.92;13.91;5.05
080214;Bellprat;Anoia;69;30.97;653;1.43350;41.51706;0;0;0;0;0;0;0;0;0;0;0;0;0;0;0;0;0;0;0;0;0;0;0;1;0;0;0;0;0;0;0;0;0;0;0;17.39;17.39;4.59;15.02;15.81;4.42;8.92;15.48;15.36;4.49;15.36;11.53
250501;Bellpuig;Urgell;5531;34.98;308;1.01164;41.62545;7;0;0;0;0;0;0;0;2;1;1;2;1;1;1;0;0;2;1;1;1;1;1;18;0;1;1;2;0;4;4;1;4;1;0;32.02;33.21;0;0;0;0;0;0;32.17;0;9.88;0
430249;Bellvei;Baix Penedès;2464;8.27;108;1.57661;41.24133;2;0;0;0;0;0;0;0;1;0;0;1;1;0;0;0;0;1;0;2;0;0;0;9;0;1;0;1;0;0;0;0;0;0;0;3.43;3.43;3.33;3.33;4.9;0;3.15;3.95;7.52;2.23;2.97;4.06
250518;Bellver de Cerdanya;Cerdanya;2289;98.15;1061;1.77447;42.37072;7;1;1;0;0;0;0;0;1;1;0;1;1;1;0;0;0;1;1;1;0;1;0;11;0;1;0;1;0;2;2;0;1;1;0;14.31;14.31;0;14.52;14.52;0;14.24;10.08;25.92;0;8.92;0
250523;Bellvís;Pla d'Urgell;2239;46.7;207;0.81758;41.67218;6;1;1;0;0;0;0;0;1;0;0;1;1;0;0;0;1;1;1;1;0;0;0;7;0;1;0;2;0;2;2;0;2;1;0;16.83;17.83;7.41;7.41;7.47;0;7.92;5.41;17.49;0;8.19;8.07
250539;Benavent de Segrià;Segrià;1565;7.43;234;0.63453;41.69455;4;0;0;0;0;0;0;0;1;0;0;1;1;0;0;0;0;1;0;1;0;0;0;5;0;0;0;1;0;1;1;0;1;1;0;7.86;7.86;3.52;3.52;7.11;0;7.45;6.18;7.83;3.02;5.9;7.25
430252;Benifallet;Baix Ebre;708;62.42;19;0.51777;40.97413;5;0;0;0;0;0;0;0;1;0;0;2;1;0;0;0;0;1;1;1;0;0;0;5;0;0;0;1;0;0;2;0;1;0;2;16.83;16.83;11.39;11.39;11.21;0;11.17;18.55;17.23;0;15.83;11.16
430265;Benissanet;Ribera d'Ebre;1191;23.06;26;0.63508;41.05678;3;0;0;0;0;0;0;0;1;0;0;1;1;0;0;0;0;1;1;2;0;0;0;4;0;0;0;1;0;0;0;0;0;0;0;4.32;4.32;3.32;3.32;3.32;0;3.65;5.74;28.08;0;3.06;3.34
080229;Berga;Berguedà;17539;22.57;704;1.84595;42.10427;7;2;1;0;0;1;1;0;5;4;2;3;3;2;3;3;0;6;1;4;1;2;3;38;2;2;0;6;0;1;1;3;8;1;0;0;0;0;0;0;0;0;27.84;38.2;0;0;0
170195;Besalú;Garrotxa;2591;4.93;151;2.69940;42.19889;7;1;1;1;0;0;0;0;1;1;0;1;1;1;0;0;0;1;1;0;0;0;2;22;0;1;0;1;0;3;3;0;3;0;0;10.66;19.12;0;10.03;10.03;0;18.02;21.39;25.88;0;9.78;10.37
170209;Bescanó;Gironès;5087;35.92;102;2.74331;41.96548;7;1;0;0;0;0;0;0;1;1;1;2;1;1;0;0;0;2;1;0;0;1;0;19;0;1;0;2;0;2;3;1;4;0;1;4.57;4.57;0;0;3.16;0;3.16;6.28;4.14;0;3.26;0
170216;Beuda;Garrotxa;202;35.91;338;2.70945;42.23688;0;0;0;0;0;0;0;0;0;0;0;0;0;0;0;0;0;0;0;0;0;0;0;3;0;0;0;0;0;0;0;0;0;0;0;14.24;20.56;4.29;13.33;13.33;4.26;19.74;19.52;29.5;4.27;13.14;8.69
080235;Bigues i Riells del Fai;Vallès Oriental;10124;28.64;307;2.20820;41.67939;7;1;0;0;0;0;0;0;2;1;1;1;2;1;0;0;0;3;1;2;0;0;0;13;0;2;0;2;0;1;1;1;3;1;0;10.33;10.33;0;0;3.52;0;6.46;6.72;11.21;0;4.54;4.79
250557;Biosca;Solsonès;185;66.21;455;1.35832;41.84179;0;0;0;0;0;0;0;0;0;0;0;0;0;0;0;0;0;0;0;0;0;0;0;1;0;0;0;0;0;0;0;0;0;0;0;35.6;35.6;8.6;8.99;8.99;5.04;17.65;17.96;34.51;8.36;8.62;8.55
170221;la Bisbal d'Empordà;Baix Empordà;11731;20.62;39;3.03769;41.95923;7;1;1;1;0;0;0;1;4;2;1;1;3;1;1;1;0;4;1;0;1;0;1;22;1;2;0;4;0;4;4;0;10;1;0;14.14;14.14;0;0;0;0;0;11.84;16.54;0;0;9.41
430271;la Bisbal de Montsant;Priorat;214;14.14;372;0.72269;41.28057;1;0;0;0;0;0;0;0;1;0;0;1;1;0;0;0;1;0;0;1;0;0;0;3;0;0;0;0;0;0;0;0;0;0;0;21.77;21.77;9.85;16.08;16.08;4.73;15.38;16.29;34.87;9.68;22.97;11.42
430287;la Bisbal del Penedès;Baix Penedès;4270;32.54;189;1.48800;41.28051;6;1;1;0;0;0;0;0;1;1;1;1;1;1;0;0;0;1;1;2;0;0;0;11;0;1;0;1;0;1;1;0;0;1;0;7.78;7.78;0;0;7.95;0;4.96;7.82;11.36;0;7.61;7.64
172348;Biure;Alt Empordà;227;10.02;81;2.89710;42.33724;1;0;0;0;0;0;0;0;1;0;0;0;1;0;0;0;0;0;0;1;0;0;0;4;0;1;0;0;0;0;0;0;0;0;0;9.09;9.09;8.71;8.91;8.93;4.82;10.67;8.92;39.46;7.56;8.9;8.9
430290;Blancafort;Conca de Barberà;392;14.48;428;1.15926;41.43793;2;0;0;0;0;0;0;0;1;0;0;1;1;0;0;0;0;1;0;1;0;0;0;6;0;0;0;1;0;0;0;0;0;0;0;18.82;18.82;6.82;6.82;6.82;0;6.94;6.24;31.78;6.55;17.98;6.45
170237;Blanes;Selva;42446;17.66;13;2.79201;41.67408;8;2;2;0;0;1;1;1;9;6;3;6;7;4;4;4;0;12;1;5;1;1;2;62;3;3;1;11;1;6;15;1;21;1;9;0;0;0;0;0;0;0;0;16.17;0;0;0
170293;Boadella i les Escaules;Alt Empordà;264;10.78;82;2.85707;42.33110;2;2;2;0;0;0;0;0;1;0;0;0;1;0;0;0;0;0;0;0;0;0;0;4;0;0;0;0;0;0;0;0;0;0;0;10.73;10.73;9.51;9.51;10.5;4.44;12.54;10.25;38.43;7.01;10.51;9.53
170242;Bolvir;Cerdanya;493;10.34;1145;1.87990;42.41898;3;1;1;0;0;0;0;0;1;0;0;1;1;0;0;0;0;0;1;1;0;0;1;5;0;1;0;0;0;0;0;0;0;0;0;4.2;4.2;4.3;4.39;4.39;2.81;4.09;3.85;35.19;0;2.54;4.2
430304;Bonastre;Baix Penedès;778;24.97;177;1.44004;41.22111;2;1;1;0;0;0;0;0;1;0;0;2;1;0;0;0;1;0;0;1;0;0;0;4;0;0;0;0;0;0;0;0;0;0;0;8.6;8.6;4.29;6.98;6.98;4.19;8.82;4.06;8.63;4.21;6.87;7.67
250576;Es Bòrdes;Aran;281;21.44;852;0.72014;42.73793;1;0;0;0;0;0;0;0;1;0;0;0;1;0;0;0;0;0;0;0;0;0;0;3;0;0;0;0;0;0;0;0;0;0;0;7.5;7.5;8.01;8.01;7.91;5.51;5.92;58.93;65.65;7.82;7.8;6.95
170255;Bordils;Gironès;1824;7.32;42;2.91697;42.03886;4;1;1;0;0;0;0;0;1;0;0;0;1;0;0;0;0;1;0;0;0;0;0;8;0;2;0;1;0;1;1;0;0;1;0;9.45;9.45;2.83;2.83;1.68;0;9.65;0.24;9.46;3.23;9.32;2.29
250582;les Borges Blanques;Garrigues;6458;61.55;304;0.86904;41.52069;8;2;1;0;0;0;0;1;2;2;1;2;1;1;2;1;0;2;1;1;0;0;2;18;0;2;1;2;0;5;5;0;6;1;0;23.13;24.36;0;0;0;0;10.68;0;22.5;0;11.71;4.69
430311;les Borges del Camp;Baix Camp;2313;8.24;238;1.01961;41.17199;6;1;0;0;0;0;0;0;1;1;1;1;1;1;0;0;0;1;0;2;0;1;0;9;0;1;1;1;0;0;0;0;1;1;0;7.39;7.79;0;0;3.58;0;7.69;0;7.37;4.73;7.52;0
170268;Borrassà;Alt Empordà;802;9.45;73;2.92603;42.22293;3;0;0;0;0;0;0;0;1;0;0;0;1;0;0;0;0;1;0;1;0;0;0;6;0;0;0;1;0;0;0;0;1;0;0;5.57;5.57;3.79;3.79;3.79;0;6.07;4.32;27.57;5.42;3.47;5.08
080240;Borredà;Berguedà;434;43.45;854;1.99414;42.13576;3;0;0;0;0;0;0;0;1;0;0;1;1;0;0;0;0;1;0;1;0;0;0;5;0;0;0;1;0;0;0;0;1;0;0;12.24;12.24;11.83;11.83;11.83;0;12.81;17.07;30.69;10.05;12.46;9.09
250595;Bossòst;Aran;1178;28.17;710;0.69199;42.78579;4;0;0;0;0;0;0;0;1;0;0;1;1;0;0;0;0;1;0;2;0;0;0;5;0;1;0;1;0;2;3;0;4;1;1;12.71;12.71;13.21;13.21;2.93;0;11.65;64.72;71.35;13.01;12.98;11.95
430326;Bot;Terra Alta;545;34.94;286;0.38476;41.00905;2;0;0;0;0;0;0;0;1;0;0;1;1;0;0;0;0;1;0;0;0;0;1;5;0;1;0;2;0;0;0;0;0;0;0;23.28;23.28;7.09;7.09;7.01;0;6.86;24.18;24.05;6.91;10.85;6.87
430332;Botarell;Baix Camp;1156;11.95;196;0.98906;41.13611;3;0;0;0;0;0;0;0;1;0;0;2;1;0;1;0;0;1;1;0;0;0;0;4;0;1;0;1;0;0;0;0;0;0;0;10.19;10.34;5.12;5.12;0;0;9.69;1.2;9.91;0;9.14;4.82
250560;Bovera;Garrigues;252;31.12;297;0.63824;41.32642;1;0;0;0;0;0;0;0;1;0;0;1;1;0;0;0;1;0;0;1;0;0;0;4;0;0;0;0;0;0;0;0;0;0;0;25.67;25.67;3.93;13.6;13.6;3.93;12.84;13.56;30.91;3.92;26.93;13.05
430347;Bràfim;Alt Camp;705;6.42;236;1.34108;41.26873;2;0;0;0;0;0;0;0;1;0;0;2;1;0;0;0;0;1;0;2;0;0;0;8;0;0;0;1;0;0;0;0;0;0;0;7.66;7.66;7.45;7.45;7.45;0;4.81;3.8;17.11;4.87;7.41;7.79
170274;Breda;Selva;3964;5.02;169;2.55750;41.74864;6;0;0;0;0;0;0;0;1;1;0;1;1;1;0;0;0;2;1;3;0;0;1;9;0;1;0;2;0;3;3;0;4;1;0;8.97;8.97;0;5.78;5.78;0;10;2.65;17.24;0;8.4;7.08
080253;el Bruc;Anoia;2294;47.2;489;1.77979;41.58066;5;1;1;0;0;0;0;0;1;0;0;1;1;0;0;0;0;1;1;1;0;1;1;7;0;0;0;1;0;0;0;0;1;1;0;13.34;13.34;3.02;5.96;5.96;0;9.61;4.89;13.34;0;7.11;0
080266;el Brull;Osona;297;41.03;843;2.30541;41.81681;0;0;0;0;0;0;0;0;0;0;0;0;0;0;0;0;0;0;0;0;0;0;0;3;0;0;0;0;0;0;0;0;0;0;0;13.84;13.84;5.63;6.34;7.55;3.03;13.35;5.55;13.58;5.7;6.43;7.39
170280;Brunyola i Sant Martí Sapresa;Selva;399;36.82;247;2.68410;41.90458;0;0;0;0;0;0;0;0;0;0;0;0;0;0;0;0;0;0;0;0;0;0;0;2;0;0;0;0;0;0;0;0;0;0;0;12.05;12.05;4.83;5.51;5.51;4.89;5.35;10.59;11.52;5.08;5.51;5.14
430350;Cabacés;Priorat;295;31.27;358;0.73463;41.24818;3;1;1;0;0;0;0;0;1;0;0;0;1;0;0;0;1;0;0;1;0;0;1;5;0;0;0;0;1;1;1;0;0;1;0;18.81;18.81;12.85;12.85;12.85;6.88;15.49;14.5;32.65;11.1;19.97;9.39
250609;Cabanabona;Noguera;70;14.16;421;1.21743;41.85150;0;0;0;0;0;0;0;0;0;0;0;0;0;0;0;0;0;0;0;1;0;0;0;2;0;0;0;0;0;0;0;0;0;0;0;43.73;43.73;7.06;7.06;9.79;7.62;12.07;20.34;42.97;7.62;7.58;9.45
170314;Cabanelles;Alt Empordà;286;55.58;194;2.81963;42.23080;0;0;0;0;0;0;0;0;0;0;0;0;0;0;0;0;0;0;0;1;0;0;0;0;0;0;0;0;0;0;0;0;0;0;0;11.94;11.94;10.7;11.67;11.67;1.92;13.46;10.88;27.2;10.54;4.05;1.96
170307;Cabanes;Alt Empordà;998;15.02;26;2.97796;42.30701;2;0;0;0;0;0;0;0;1;0;0;2;1;0;0;0;0;1;0;1;0;0;0;2;0;0;0;1;0;0;0;0;0;0;0;4.71;4.71;2.88;3.87;3.87;0;5;4.72;37.79;4.88;3.75;4.29
080272;les Cabanyes;Alt Penedès;1064;1.15;252;1.68883;41.37194;3;1;1;0;0;0;0;0;1;0;0;1;1;0;0;0;0;1;0;1;0;0;0;7;0;0;0;1;0;0;0;0;0;0;0;2.27;2.27;2.61;2.61;2.61;0;3;3.03;3.34;2.79;2.7;2.07
250616;Cabó;Alt Urgell;87;80.33;768;1.24859;42.23794;0;0;0;0;0;0;0;0;0;0;0;0;0;0;0;0;0;0;0;0;0;0;0;0;0;0;0;0;0;0;0;0;0;0;0;21.77;21.77;19.49;21.43;19.49;7.11;21.53;23.27;21.88;20.09;22.1;30.28
430363;Cabra del Camp;Alt Camp;1387;26.95;493;1.27685;41.39525;3;1;1;0;0;0;0;0;1;0;0;2;1;0;0;0;0;1;0;0;0;0;0;6;0;1;0;1;0;0;0;0;0;0;0;12.6;12.6;9.87;10.2;10.2;0;9.58;9.51;29.27;5.99;11.26;4.45
080288;Cabrera d'Anoia;Anoia;1777;17;299;1.70387;41.47769;1;0;0;0;0;0;0;0;1;0;0;1;1;0;0;0;1;0;0;1;0;1;0;8;0;0;0;0;0;0;0;0;0;0;0;13.53;13.53;3.98;6.19;7.2;2.97;6.08;4.75;14.22;2.69;6.02;0
080291;Cabrera de Mar;Maresme;5053;8.98;104;2.39333;41.52599;7;1;1;0;0;0;0;0;2;2;0;3;1;1;0;0;0;2;1;0;0;0;1;25;1;1;0;2;0;1;2;0;3;0;1;4.52;4.52;0;1.84;1.79;0;3.17;2.25;3.38;0;0;2.42
080305;Cabrils;Maresme;7755;7.05;147;2.36772;41.52628;6;0;0;0;0;0;0;0;2;1;1;1;2;1;1;0;0;2;1;1;0;0;0;19;1;1;0;2;0;1;1;0;2;1;0;6.15;6.15;0;0;0;0;4.09;3.4;5.51;0;0;1.52
170329;Cadaqués;Alt Empordà;2906;26.43;23;3.27720;42.28752;6;1;1;1;0;0;0;1;1;1;0;1;1;1;0;0;0;2;0;1;0;1;2;6;0;1;0;2;0;2;2;0;3;0;0;26.54;26.54;0;7.82;7.82;0;8.63;13.73;50.01;8.14;8.17;0
080312;Calaf;Anoia;3627;9.22;680;1.51084;41.73406;6;0;0;1;0;0;0;0;1;1;1;1;1;1;0;0;0;1;1;2;1;1;0;10;0;1;1;1;0;0;0;0;1;1;0;18.6;18.6;0;0;18.37;0;0;0;17.85;0;17.95;0
430379;Calafell;Baix Penedès;32429;20.38;67;1.56878;41.20096;8;3;2;0;0;0;0;0;5;2;2;5;5;2;2;1;0;8;2;3;1;1;4;40;1;2;2;9;2;0;3;0;21;2;3;3.35;3.35;0;0;0;0;0;0;3.77;0;0;0
080348;Calders;Moianès;1121;33.09;552;1.99161;41.78924;3;1;1;0;0;0;0;0;1;0;0;1;1;0;0;0;0;1;0;2;0;0;0;5;0;0;0;1;0;0;0;0;0;0;0;14.79;14.79;3.37;3.53;3.37;0;14.01;14.6;14.66;3.16;9.14;3.15
080327;Caldes d'Estrac;Maresme;3348;0.88;33;2.52770;41.57247;7;1;1;0;0;0;0;0;1;0;0;1;1;0;0;0;0;1;1;1;0;0;1;6;0;1;1;1;0;1;1;0;1;0;0;8.33;8.33;1.03;1.03;1.7;0;2.1;0;8.58;0;1.27;2
170335;Caldes de Malavella;Selva;8644;57.33;84;2.80975;41.83883;7;0;0;0;0;0;0;0;2;1;0;1;2;1;0;0;0;3;1;1;0;1;1;16;0;2;1;3;0;2;2;1;4;0;0;13.9;14.87;0;6.54;6.54;0;12.22;0;13.81;0;7.46;0
080333;Caldes de Montbui;Vallès Oriental;18554;37.45;203;2.16224;41.63447;7;2;1;0;0;0;0;1;4;3;2;3;3;2;2;2;0;8;1;5;0;1;3;26;1;3;0;7;0;4;5;1;3;1;1;9.55;9.55;0;0;0;0;10.28;9.27;10.37;0;0;0
080351;Calella;Maresme;20775;8;5;2.65696;41.61326;8;1;0;0;0;1;1;0;4;3;3;3;2;1;2;2;0;6;1;0;1;3;2;39;5;3;1;5;1;0;5;1;8;1;5;0;0;0;0;0;0;0;0;3.09;0;0;0
080370;Calldetenes;Osona;2724;5.8;489;2.28410;41.92510;5;0;0;0;0;0;0;0;1;1;1;1;1;1;0;0;0;1;0;0;0;1;0;9;0;1;0;1;0;3;3;1;2;1;0;2.35;2.35;0;0;2.1;0;2.63;2.99;2;2.53;2.35;0
080386;Callús;Bages;2193;12.5;260;1.78390;41.78124;4;1;1;0;0;0;0;0;1;0;0;1;1;0;0;0;0;1;0;1;0;0;0;6;0;0;0;1;0;0;0;0;1;0;0;8.18;8.18;4.09;4.09;4.09;0;8.21;6.63;5.71;4.34;4.18;4.58
080364;Calonge de Segarra;Anoia;179;37.15;688;1.49349;41.74025;0;0;0;0;0;0;0;0;0;0;0;0;0;0;0;0;0;0;0;0;0;0;0;0;0;0;0;0;0;0;0;0;0;0;0;19.92;19.92;1.9;1.9;17.67;1.95;1.81;2.1;19.07;1.97;17.34;1.72
170340;Calonge i Sant Antoni;Baix Empordà;12268;33.57;22;3.07643;41.86126;7;1;1;0;0;0;0;0;3;1;1;2;3;1;0;0;0;6;2;2;0;0;0;32;1;2;0;6;0;1;3;0;14;0;2;4.64;4.64;0;0;3.71;0;4.59;22.27;23.01;0;0;4.64
250621;Camarasa;Noguera;800;157.13;321;0.87773;41.87517;4;0;0;0;0;0;0;0;1;0;0;2;1;0;0;0;0;1;0;1;0;0;0;11;0;0;1;1;0;1;1;0;0;0;0;32.22;32.22;10.46;10.46;10.46;0;11.28;0;31.9;11.38;10.69;11.58
439039;Camarles;Baix Ebre;3499;25.16;13;0.67253;40.77097;6;0;0;0;0;0;0;0;2;1;1;2;2;1;0;0;1;2;1;1;0;0;0;7;0;1;1;2;0;0;0;0;3;0;0;10.53;10.53;0;0;6.91;0;11.83;0;10.7;0;6.86;6.23
430385;Cambrils;Baix Camp;37068;35.21;24;1.05759;41.07100;7;0;0;0;0;0;0;1;7;5;3;4;6;4;2;2;0;11;1;7;1;4;8;63;1;1;1;11;1;2;2;0;21;0;0;10.33;10.33;0;0;0;0;0;0;8.28;0;0;0
170353;Camós;Pla de l'Estany;700;15.66;168;2.76756;42.09395;1;0;0;0;0;0;0;0;0;0;0;1;0;0;0;0;0;1;0;0;0;0;0;3;0;1;0;1;0;0;0;0;0;0;0;2.37;11.81;1.66;1.66;1.66;0;12.09;11.56;12.94;1.3;3.29;2.58
170366;Campdevànol;Ripollès;3240;32.62;738;2.16898;42.22335;7;1;0;1;0;1;1;0;1;0;0;1;1;0;0;0;0;2;1;2;0;0;1;14;0;1;1;2;0;2;2;0;2;0;0;0;0;2.94;2.94;3.2;0;3;0;32.85;0;3.93;3
170372;Campelles;Ripollès;163;18.64;1303;2.14013;42.29436;0;0;0;0;0;0;0;0;0;0;0;0;0;0;0;0;0;0;0;0;0;0;0;3;0;0;0;0;0;0;0;0;0;0;0;8.27;8.27;2.66;11.1;10.86;2.63;2.69;2.24;41.07;3.09;12.09;11.15
080399;Campins;Vallès Oriental;588;7.29;321;2.46342;41.72476;2;0;0;0;0;0;0;0;1;0;0;1;1;0;0;0;0;0;0;1;0;0;0;3;0;0;0;0;0;0;1;0;0;0;1;4.54;4.54;3.06;3.31;3.43;3.28;5.72;4.89;19.07;3.7;3.68;4.68
170388;Campllong;Gironès;534;8.59;113;2.83192;41.89370;3;1;1;0;0;0;0;0;1;0;0;1;1;0;0;0;0;0;1;0;0;0;0;5;0;1;0;0;0;0;0;0;0;0;0;7.98;9.18;3.38;3.38;7.12;2.26;9.1;1.71;7.59;0;4.04;3.7
170391;Camprodon;Ripollès;2560;103.38;947;2.36489;42.31175;7;1;1;0;0;0;0;1;1;1;0;1;1;1;0;0;0;1;1;1;1;0;1;12;0;2;0;1;1;2;2;0;3;0;0;16.21;16.21;0;16.62;16.62;0;0;16.39;42.71;0;18.09;10.87
250637;Canejan;Aran;96;48.32;906;0.80084;42.81224;0;0;0;0;0;0;0;0;0;0;0;0;0;0;0;0;0;0;0;0;0;0;0;1;0;0;0;0;0;0;0;0;0;0;0;12.26;12.26;12.57;12.57;7.43;7.35;15.08;65.07;72.74;12.38;12.36;11.31
170405;Canet d'Adri;Gironès;742;44.41;217;2.73716;42.03339;0;0;0;0;0;0;0;0;0;0;0;0;0;0;0;0;0;0;0;0;0;0;0;1;0;1;0;0;0;0;0;0;0;0;0;8.01;8.01;5.03;6.91;5.03;5.21;8.15;8.92;7.9;5.16;7.99;6.62
080403;Canet de Mar;Maresme;15191;5.56;15;2.58210;41.58841;7;0;0;1;0;0;0;0;4;3;2;2;2;2;2;2;0;7;1;2;0;2;1;28;1;1;1;5;0;1;1;3;5;1;0;6.9;6.9;0;0;0;0;2.76;0;3.72;0;0;0
439076;la Canonja;Tarragonès;5993;7.32;50;1.17901;41.12287;5;0;0;0;0;0;0;0;1;1;1;1;1;1;1;0;0;2;1;1;0;2;0;10;0;1;0;2;0;0;0;0;1;0;0;5;5;0;0;0;0;2.11;2.65;3.49;0;1.41;0
080410;Canovelles;Vallès Oriental;17445;6.66;175;2.27698;41.62170;5;1;1;0;0;0;0;0;4;2;1;1;4;2;0;0;0;5;1;5;0;1;0;25;1;2;0;5;0;0;0;2;0;1;0;1.79;1.79;0;0;1.4;0;1.6;1.14;3.04;0;0;0
080425;Cànoves i Samalús;Vallès Oriental;3393;29.19;346;2.35132;41.69478;4;1;1;0;0;0;0;0;1;0;0;1;1;0;0;0;0;1;0;4;0;0;0;12;0;0;0;1;0;1;1;0;0;1;0;10.23;10.23;3.05;3.05;5.96;0;5.55;5.31;12.58;5.04;5.13;5.44
170412;Cantallops;Alt Empordà;367;19.62;200;2.92658;42.42265;0;0;0;0;0;0;0;0;0;0;0;0;0;0;0;0;1;0;0;1;0;0;0;2;0;0;0;0;0;0;0;0;0;0;0;17.37;17.37;4.35;4.35;16.87;4.43;18.35;17.06;49.22;4.44;14.46;4.39
080431;Canyelles;Garraf;5494;14.23;142;1.74640;41.28040;4;1;1;0;0;0;0;0;1;1;0;1;1;1;1;0;0;1;0;0;0;1;0;14;0;1;0;1;0;0;0;0;0;1;0;3.36;3.36;0;2.77;0;0;3.07;6.81;6.71;3.29;3.14;0
430398;Capafonts;Baix Camp;101;13.35;751;1.02694;41.29490;1;1;1;0;0;0;0;0;0;0;0;0;0;0;0;0;0;0;0;1;0;0;0;3;0;0;0;0;0;0;0;0;0;0;0;16.39;17.02;10.92;12.24;12.32;3.7;11.86;12.09;16.85;3.6;12.14;3.59
430402;Capçanes;Priorat;446;22.49;223;0.78162;41.09976;3;0;0;0;0;0;0;0;1;0;0;1;1;0;0;0;0;1;0;0;0;0;0;7;0;0;1;1;0;0;0;0;0;0;0;12.08;12.08;7.05;7.05;7.05;0;9.71;0;27.75;5.95;12.21;6.03
080446;Capellades;Anoia;5598;2.94;317;1.68811;41.52928;5;0;0;0;0;0;0;0;2;2;1;2;1;1;0;0;0;2;1;1;1;2;1;9;0;1;0;3;0;0;0;2;3;0;0;8.66;8.66;0;0;5.39;0;0;1.04;8.75;0;4.78;0
170427;Capmany;Alt Empordà;677;26.4;107;2.92087;42.37252;1;0;0;0;0;0;0;0;1;0;0;0;1;0;0;0;1;0;0;2;0;0;2;5;0;0;0;0;0;0;0;0;0;0;0;11.97;11.97;6.12;6.12;11.58;4.93;13.14;12.13;43.65;6.47;10.62;6.17
080459;Capolat;Berguedà;93;34.13;1279;1.75151;42.08715;0;0;0;0;0;0;0;0;0;0;0;0;0;0;0;0;0;0;0;0;0;0;0;1;0;0;0;0;0;0;0;0;0;0;0;8.49;8.49;7.46;8.37;7.67;5.92;7.93;33.22;38.54;8.01;8.12;7.46
080462;Cardedeu;Vallès Oriental;19050;12.1;193;2.35461;41.63807;7;1;1;0;0;0;0;0;6;3;2;4;5;3;1;1;0;8;1;0;1;1;1;43;3;2;1;8;1;0;0;1;3;1;0;5.69;5.69;0;0;0;0;0;0;7.79;0;0;0
080478;Cardona;Bages;4540;66.7;507;1.68073;41.91306;5;2;2;0;0;0;0;0;3;2;1;2;2;1;1;0;0;2;1;1;0;2;3;18;0;1;0;1;0;0;0;1;0;1;0;25.13;25.13;0;0;0;0;24.45;19.93;22.63;0;12.8;0
080484;Carme;Anoia;860;11.68;351;1.62301;41.53095;3;1;1;0;0;0;0;0;1;0;0;1;1;0;0;0;0;1;0;2;0;0;0;5;0;0;0;1;0;0;0;0;0;0;0;6.34;6.34;4.43;4.43;5.2;0;4.92;4.97;6.46;4.91;4.8;3.33
430419;Caseres;Terra Alta;250;42.9;324;0.25061;41.03857;3;1;1;0;0;0;0;0;1;0;0;1;1;0;0;0;0;1;0;1;1;0;0;4;0;0;0;1;0;0;0;0;0;0;0;33.05;33.05;7.97;15.97;15.97;0;0;22.38;33.38;10.6;8.27;15.92
170448;Cassà de la Selva;Gironès;11167;45.21;137;2.87663;41.88472;7;1;0;0;0;0;0;0;3;2;1;1;2;1;0;0;0;5;1;0;0;2;2;26;1;3;0;4;0;3;4;0;4;0;1;10.31;11.72;0;0;9.08;0;11.66;5.54;9.39;0;0;0
080497;Casserres;Berguedà;1665;29.46;611;1.84093;42.01412;4;1;1;0;0;0;0;0;1;0;0;1;1;0;0;0;0;1;0;0;0;1;0;10;0;1;0;1;0;0;0;0;2;0;0;10.25;10.25;3.91;3.91;3.91;0;9.99;31.35;30.37;3.98;3.95;0
170486;Castell d'Aro, Platja d'Aro i s'Agaró;Baix Empordà;12889;21.74;5;3.06757;41.81748;7;1;1;1;0;0;0;1;3;1;1;1;3;1;0;0;0;7;1;4;1;0;1;45;2;2;0;7;1;4;6;0;14;3;2;6.58;6.58;0;0;4.48;0;0;22.26;25.3;0;0;5.35
080575;Castell de l'Areny;Berguedà;68;24.35;954;1.97837;42.15015;0;0;0;0;0;0;0;0;0;0;0;0;0;0;0;0;0;0;0;0;0;0;0;1;0;0;0;0;0;0;0;0;0;0;0;11.57;11.57;11.26;11.26;11.26;2.07;12.15;17.37;32.75;12.11;12.07;9.93
259046;Castell de Mur;Pallars Jussà;159;62.42;532;0.85017;42.09829;2;1;1;0;0;0;0;0;0;0;0;0;0;0;0;0;0;0;0;0;0;0;0;5;0;0;2;0;0;0;0;0;0;0;0;8.32;8.32;7.95;7.95;5.82;8.16;8.24;0;7.97;8.24;11.89;34.88
250642;Castellar de la Ribera;Solsonès;131;60.19;657;1.40426;42.01242;0;0;0;0;0;0;0;0;0;0;0;0;0;0;0;0;0;0;0;0;0;0;1;2;0;1;0;0;0;0;0;0;0;0;0;38.34;38.34;9.03;9.03;9.03;9.22;32.4;32.6;38.69;9.54;10.12;9.51
080522;Castellar de n'Hug;Berguedà;166;47.12;1395;2.01694;42.28214;1;1;1;0;0;0;0;0;0;0;0;0;0;0;0;0;1;0;0;0;0;0;2;3;0;0;0;0;0;0;0;0;0;0;0;13.99;13.99;12.75;12.9;12.9;5.45;12.75;4.32;43.15;13.06;17.1;6.22
080500;Castellar del Riu;Berguedà;151;32.74;920;1.76016;42.11987;0;0;0;0;0;0;0;0;0;0;0;0;0;0;0;0;0;0;0;0;0;0;0;1;0;0;0;0;0;0;0;0;0;0;0;7.67;7.67;7;7.86;7;6.96;7.21;29.74;36.25;7.54;7.69;7.11
080517;Castellar del Vallès;Vallès Occidental;25395;44.91;331;2.08788;41.61851;6;0;0;0;0;0;0;0;8;5;2;6;6;3;2;1;0;10;1;1;0;1;0;41;1;3;0;10;0;6;13;1;10;1;7;7.04;7.04;0;0;0;0;7;5.25;6.38;0;0;0
080538;Castellbell i el Vilar;Bages;4163;28.47;178;1.86089;41.62915;7;1;1;0;0;0;0;0;1;1;0;1;1;1;0;0;0;1;1;2;0;1;0;14;0;0;2;1;0;0;0;1;1;0;0;10.29;10.29;0;4.74;4.2;0;10.64;0;12.18;0;8.46;0
080543;Castellbisbal;Vallès Occidental;13058;31.03;132;1.98270;41.47644;8;1;1;1;0;0;0;0;4;2;1;3;4;2;1;0;0;4;1;2;0;1;2;25;1;3;2;3;0;2;2;2;5;0;0;5.23;5.23;0;0;0;0;5.96;0;4.97;0;0;0
080556;Castellcir;Moianès;802;34.18;773;2.14984;41.76045;3;1;1;0;0;0;0;0;1;0;0;2;1;0;0;0;0;1;0;0;0;0;0;9;0;0;0;1;0;0;0;0;0;0;0;20.36;20.36;2.81;6.56;6.56;0;13.97;7.43;20.53;6.94;7.12;2.73
250674;Castelldans;Garrigues;955;65.1;353;0.76547;41.49639;5;1;1;0;0;0;0;0;1;0;0;1;1;0;0;0;0;1;1;0;0;1;1;4;0;0;0;1;0;2;3;0;0;0;1;18.15;19.23;8.78;8.78;7.03;0;11.2;6.91;17.06;0;16.09;0
080569;Castelldefels;Baix Llobregat;69689;12.87;3;1.97673;41.28015;8;2;1;0;4;0;0;0;14;8;5;10;10;4;1;1;0;15;1;3;1;1;0;79;3;3;2;15;1;9;12;1;15;1;3;4.8;4.8;0;0;0;0;0;0;0;0;0;0
080581;Castellet i la Gornal;Alt Penedès;2773;47.48;137;1.64693;41.25908;2;0;0;0;0;0;0;0;1;0;0;1;1;0;0;0;0;0;0;9;0;0;0;12;0;0;0;0;0;0;0;0;1;0;0;7.19;7.19;3.86;4.31;4.34;3.72;5.4;4.19;8.1;4.12;4.22;6.05
170464;Castellfollit de la Roca;Garrotxa;960;0.73;296;2.54994;42.21909;4;0;0;0;0;0;0;0;1;0;0;2;1;0;0;0;0;1;1;1;0;0;1;6;0;0;0;1;0;0;0;0;1;0;0;7.62;7.62;4.94;6.13;6.13;0;7.04;29.28;33.68;0;4.69;7.64
080608;Castellfollit de Riubregós;Anoia;153;26.21;467;1.43792;41.77587;1;0;0;0;0;0;0;0;1;0;0;0;1;0;0;0;0;0;0;0;0;0;0;1;0;0;0;0;0;0;0;0;0;0;0;25.78;25.78;7.96;7.96;12.49;4.88;7.85;8.16;24.76;8.03;12.11;7.79
080594;Castellfollit del Boix;Bages;469;58.9;700;1.68427;41.66587;2;1;1;0;0;0;0;0;1;0;0;2;1;0;0;0;0;0;0;2;0;0;0;6;0;0;0;0;0;0;0;0;0;0;0;10.19;10.19;7.49;10.3;10.3;7.14;10.96;7.55;10.09;6.95;9.44;7.04
080615;Castellgalí;Bages;2411;17.21;266;1.84298;41.67527;3;0;0;0;0;0;0;0;1;0;0;1;1;0;0;0;0;1;0;0;0;0;1;12;0;1;0;1;0;0;0;0;1;0;0;5.02;5.02;1.55;1.8;1.75;0;5.46;1.78;6.85;1.89;5.37;1.87
080620;Castellnou de Bages;Bages;1471;29.16;469;1.81813;41.83284;1;0;0;0;0;0;0;0;1;0;0;0;1;0;0;0;0;0;0;1;0;0;1;8;0;0;0;0;0;0;0;0;0;0;0;12.64;12.64;5.61;5.8;5.8;5.56;12.3;11.25;10.22;5.32;5.2;5.34
250680;Castellnou de Seana;Pla d'Urgell;733;16.11;269;0.97123;41.64843;4;0;0;0;0;0;0;0;1;0;0;1;1;0;0;0;0;1;0;0;0;0;0;5;0;0;1;1;0;0;1;0;0;0;1;28.8;29.95;3.65;3.65;3.65;0;3.98;0;29.1;3.83;7.04;3.98
170470;Castelló d'Empúries;Alt Empordà;12275;42.3;17;3.07421;42.25830;7;2;1;0;0;0;0;0;3;2;1;1;3;2;1;0;0;7;1;4;0;2;3;34;0;2;0;7;0;3;5;0;12;2;2;9.81;9.81;0;0;0;0;7.96;7.57;36.5;0;7.2;0
250693;Castelló de Farfanya;Noguera;548;52.62;358;0.72740;41.82047;3;1;1;0;0;0;0;0;1;0;0;1;1;0;0;0;0;1;0;1;0;0;0;4;0;0;0;1;0;0;0;0;0;0;0;23.59;23.66;6.89;6.89;6.89;0;7.27;7.02;23.73;7.4;7.79;7.44
080636;Castellolí;Anoia;670;25.28;415;1.70033;41.59822;1;0;0;0;0;0;0;0;1;0;0;1;1;0;1;0;1;0;0;1;0;0;0;8;0;0;0;0;0;0;0;0;0;0;0;6.8;6.8;5;5.9;0;4.78;6.97;5.2;6.78;5.11;6.59;4.83
250707;Castellserà;Urgell;987;15.84;267;0.98585;41.74689;5;0;0;0;0;0;0;0;1;0;0;2;1;0;0;0;0;1;1;0;0;0;0;5;0;1;0;1;0;1;1;0;4;0;0;32.91;33.83;6.75;6.75;10.17;0;4.82;12.26;33.58;0;10.52;13.54
080641;Castellterçol;Moianès;2742;31.9;726;2.12055;41.75139;5;0;0;0;0;0;0;0;1;1;0;1;1;1;0;0;0;1;0;2;0;1;2;13;0;1;0;1;0;2;2;1;4;1;0;21.15;21.15;0;6.34;6.34;0;15.5;10.01;18.99;7.07;9.73;0
430424;Castellvell del Camp;Baix Camp;3001;5.21;219;1.09687;41.18105;5;1;1;0;0;0;0;0;1;0;0;1;1;0;0;0;0;1;1;4;0;0;0;8;0;0;0;1;0;1;1;0;0;0;0;2.45;3.09;1.61;1.61;1.61;0;2.4;2.3;2.96;0;2.35;2.87
080654;Castellví de la Marca;Alt Penedès;1718;28.4;198;1.61841;41.32676;4;0;0;0;0;0;0;0;1;0;0;1;1;0;0;0;0;1;0;3;1;0;0;10;0;0;0;1;0;1;1;0;2;0;0;7.98;7.98;3.31;3.31;3.31;0;0;3.71;7.1;3.15;5.94;3.74
080667;Castellví de Rosanes;Baix Llobregat;2166;16.38;178;1.89997;41.44984;2;0;0;0;0;0;0;0;1;0;0;0;1;0;0;0;0;1;0;3;0;0;1;11;0;0;0;1;0;0;0;0;0;1;0;2.97;2.97;3.19;3.19;3.19;0;6.44;2.87;12.19;2.97;2.65;3.55
430430;el Catllar;Tarragonès;5387;26.43;59;1.32628;41.17547;6;1;1;0;0;0;0;0;1;1;0;1;1;1;0;0;0;2;1;1;0;1;0;14;0;0;0;1;0;0;1;2;0;0;1;8.88;8.88;0;4.18;6.25;0;9.84;4.85;8.31;0;7.06;0
250714;Cava;Alt Urgell;38;42.19;1335;1.60503;42.32487;0;0;0;0;0;0;0;0;0;0;0;0;0;0;0;0;0;0;0;0;0;0;0;0;0;0;0;0;0;0;0;0;0;0;0;12.31;12.31;12.5;12.5;12.5;8.28;12.76;24.67;12.52;12.28;12.27;9.99
171899;la Cellera de Ter;Selva;2033;14.63;166;2.62189;41.96720;6;1;1;0;0;0;0;0;1;0;0;1;1;0;0;0;0;1;1;0;0;1;0;11;0;1;0;1;0;1;1;0;2;1;0;14.56;14.56;1.53;1.53;1.53;0;12.57;15.94;14.17;0;1.08;0
170499;Celrà;Gironès;5613;19.53;71;2.87431;42.02695;7;2;1;1;0;0;0;0;2;1;1;2;2;1;0;0;0;2;1;1;0;1;0;16;0;2;1;2;0;0;0;1;2;0;0;5.79;5.79;0;0;4.81;0;6.02;0;6;0;5.67;0
080673;Centelles;Osona;7860;15.18;496;2.22194;41.78538;8;1;0;1;0;0;0;0;3;2;1;1;2;1;1;0;0;3;1;2;0;1;1;23;1;1;1;3;0;3;4;3;4;1;1;17.12;17.12;0;0;0;0;12.24;0;16.28;0;0;0
082687;Cercs;Berguedà;1236;47.35;650;1.86198;42.14606;3;0;0;0;0;0;0;0;1;0;0;1;1;0;0;0;0;1;0;0;0;0;1;19;0;1;0;1;0;0;2;0;0;1;2;4.54;4.54;4.88;4.88;4.88;0;4.89;23.18;39.63;5.35;5.41;5.07
082665;Cerdanyola del Vallès;Vallès Occidental;58264;30.56;82;2.14078;41.49136;8;4;3;0;17;0;0;0;15;10;6;9;10;5;3;3;0;18;1;4;0;2;2;67;6;4;4;21;1;20;24;3;33;3;4;7.05;7.05;0;0;0;0;1.71;0;0;0;0;0
080689;Cervelló;Baix Llobregat;9726;24.1;122;1.95894;41.39631;7;1;0;0;0;0;0;0;2;1;0;1;2;1;0;0;0;2;1;1;0;0;0;12;1;1;0;2;0;2;2;0;3;0;0;7.74;7.74;0;1.58;3.14;0;4.35;3.74;8.04;0;0;4.53
250729;Cervera;Segarra;9630;55.19;548;1.27093;41.66558;8;2;1;0;0;0;0;1;3;2;2;1;3;2;1;1;0;4;1;1;0;2;2;29;1;2;1;4;0;0;5;2;8;1;5;30.25;30.25;0;0;0;0;11.35;0;28.24;0;0;0
250735;Cervià de les Garrigues;Garrigues;637;34.2;444;0.85928;41.42452;5;0;0;0;0;0;0;0;1;0;0;1;1;0;0;0;0;1;1;0;1;1;0;5;0;0;0;1;0;1;1;0;1;0;0;29.31;30.41;10.34;10.34;8.92;0;0;9.26;28.23;0;22.42;0
170502;Cervià de Ter;Gironès;1030;9.9;45;2.91230;42.06772;5;1;1;0;0;0;0;0;1;0;0;1;1;0;0;0;0;1;1;0;0;0;1;4;0;1;0;1;0;0;0;0;1;1;0;11.17;11.17;4.91;4.91;4.61;0;11.43;3.42;11.5;0;9.87;3.29
170519;Cistella;Alt Empordà;285;25.55;130;2.84742;42.26845;3;1;1;0;0;0;0;0;1;0;0;0;1;0;0;0;0;0;0;0;0;0;0;4;0;0;0;0;0;0;0;0;1;0;0;8.91;8.91;7.98;8.62;8.62;3.65;10.74;7.92;31.43;9.05;4.61;3.57
250740;Ciutadilla;Urgell;186;17.03;519;1.13915;41.56168;2;1;1;0;0;0;0;0;1;0;0;0;1;0;0;0;0;0;0;2;0;0;0;3;0;0;0;0;0;0;0;0;0;0;0;32.32;32.32;8.62;8.62;8.59;5.44;9.59;9.86;37.89;9.29;9.38;9.55
250753;Clariana de Cardener;Solsonès;160;40.78;500;1.59874;41.94737;0;0;0;0;0;0;0;0;0;0;0;0;0;0;0;0;0;0;0;0;0;0;0;6;0;0;0;0;0;0;0;0;0;0;0;27.32;27.32;7.45;7.65;5;4.74;24.95;22.26;29.71;7.55;8.21;7.68
250766;el Cogul;Garrigues;162;17.51;279;0.68982;41.46697;1;1;1;0;0;0;0;0;0;0;0;0;0;0;0;0;1;0;0;1;0;0;0;5;0;0;0;0;0;0;0;0;0;0;0;18.05;18.81;12.47;15.79;13.91;4.69;14.94;10.31;16.59;4.58;15.65;7.23
170545;Colera;Alt Empordà;489;24.35;10;3.15047;42.40402;4;0;0;0;0;0;0;0;1;0;0;0;1;0;0;0;0;1;0;1;0;0;0;6;0;0;1;1;0;0;0;0;3;0;0;22.03;22.03;5;5;5;0;15.28;0;53.57;4.52;14.53;4.52
250772;Coll de Nargó;Alt Urgell;585;151.41;573;1.31569;42.17349;4;0;0;0;0;0;0;0;1;0;0;1;1;0;0;0;0;1;0;0;0;0;2;6;0;0;0;1;0;1;2;0;1;0;1;23.44;23.44;11.53;23.14;11.53;0;23.37;29.74;23.68;13.44;23.88;22.98
080692;Collbató;Baix Llobregat;4820;18.07;388;1.82953;41.56735;7;1;1;0;0;0;0;0;2;1;0;1;2;1;0;0;0;1;1;0;0;1;0;20;0;0;1;1;0;0;0;0;2;1;0;13.03;13.03;0;4.78;5.58;0;9.02;0;15.58;0;4.7;0
430458;Colldejou;Baix Camp;157;14.48;431;0.88828;41.10005;2;1;1;0;0;0;0;0;0;0;0;0;0;0;0;0;0;0;0;1;0;0;0;4;0;0;0;0;0;0;0;0;1;0;0;19.47;19.55;6.67;6.67;6.67;4.33;10.15;4.46;19.14;4.45;12.24;7.6
080706;Collsuspina;Moianès;390;15.08;901;2.17513;41.82552;1;0;0;0;0;0;0;0;1;0;0;1;1;0;0;0;1;0;0;1;0;0;0;6;0;0;0;0;0;0;0;0;0;0;0;14.23;14.23;4.31;4.31;4.31;4.74;13.33;4.89;13.07;4.97;5.45;4.74
170558;Colomers;Baix Empordà;206;4.35;41;2.98753;42.08410;1;1;1;0;0;0;0;0;0;0;0;0;0;0;0;0;0;0;0;0;0;0;0;3;0;0;0;0;0;0;0;0;0;0;0;17.08;17.08;5.19;10.44;7.62;3.11;12.3;2.59;17.16;6.47;10.36;5.14
251636;la Coma i la Pedra;Solsonès;278;60.62;1004;1.59100;42.17519;1;0;0;0;0;0;0;0;1;0;0;0;1;0;0;0;0;0;0;0;0;0;0;7;0;0;0;0;0;0;0;1;0;0;0;22.67;22.67;4.58;21.27;21.27;4.28;22.38;33.71;23.03;4.28;20.58;4.22
251615;Conca de Dalt;Pallars Jussà;439;166.48;507;0.96543;42.24015;0;0;0;0;0;0;0;0;0;0;0;0;0;0;0;0;0;0;0;0;0;0;0;3;0;0;0;0;0;0;0;0;0;0;0;10.12;10.12;1.12;0.15;0.15;0.84;10.23;0.05;10.47;0.97;8.71;52.17
430461;Conesa;Conca de Barberà;113;29.02;705;1.29113;41.51862;0;0;0;0;0;0;0;0;0;0;0;0;0;0;0;0;0;0;0;0;0;0;1;4;0;0;0;0;0;0;0;0;0;0;0;26.35;26.35;7.69;16.97;17.7;7.87;19.06;17.29;26.25;7.89;17.71;13.09
430477;Constantí;Tarragonès;7155;30.87;81;1.21260;41.15355;6;1;1;1;0;0;0;0;2;1;1;1;2;1;1;0;0;2;1;6;0;0;0;12;0;1;0;2;0;0;0;0;1;0;0;3.92;3.92;0;0;0;0;2.64;5.78;3.43;0;2.79;3.49
080713;Copons;Anoia;352;18.66;432;1.51867;41.63649;2;1;1;0;0;0;0;0;1;0;0;1;1;0;0;0;0;0;0;0;0;0;0;4;0;0;0;0;0;0;0;0;0;0;0;9.99;9.99;7.36;7.36;9.07;4.65;8.4;7.69;8.39;10.09;9.02;10.22
430483;Corbera d'Ebre;Terra Alta;1024;53.09;337;0.47560;41.07685;6;1;1;0;0;0;0;0;1;0;0;1;1;0;0;0;0;1;1;1;0;0;2;4;0;0;0;1;0;2;2;0;1;0;0;13.73;13.73;3.71;3.71;3.71;0;3.89;14.1;28.91;0;13.31;3.89
080728;Corbera de Llobregat;Baix Llobregat;16044;18.41;342;1.92778;41.41628;5;0;0;0;0;0;0;0;4;2;1;3;4;2;1;0;0;4;1;3;0;0;0;18;1;1;0;4;0;0;0;1;2;1;0;6.21;6.21;0;0;0;0;7.26;5.09;11.46;0;0;4.99
250788;Corbins;Segrià;1490;21.01;211;0.69447;41.68978;5;1;1;0;0;0;0;0;2;0;0;1;2;0;0;0;0;1;1;0;0;0;0;7;0;1;0;1;0;1;1;0;0;0;0;9.41;9.86;7.33;7.33;8.46;0;9.46;2.79;9.78;0;8.21;4.76
170577;Corçà;Baix Empordà;1285;16.29;43;3.01778;41.98936;4;1;1;0;0;0;0;0;1;0;0;1;1;0;0;0;0;1;0;2;0;0;0;9;0;0;0;1;0;0;0;0;2;0;0;16.43;16.43;3.87;4.14;2.18;0;3.4;8.16;15.06;3.28;2.86;5.71
080734;Cornellà de Llobregat;Baix Llobregat;92255;6.99;27;2.08084;41.36713;8;5;4;0;0;0;0;0;21;10;5;10;16;6;5;5;0;35;5;8;2;3;3;101;5;7;3;35;1;14;20;1;16;2;6;1.83;1.83;0;0;0;0;0;0;0.39;0;0;0
170561;Cornellà del Terri;Pla de l'Estany;2413;27.71;96;2.81566;42.08920;5;1;1;0;0;0;0;0;1;0;0;1;1;0;0;0;0;1;0;1;0;0;0;13;0;1;0;1;0;1;2;0;1;1;1;5.31;10.49;4.66;4.66;4.66;0;10.8;8.45;11.49;3.61;5.99;5.16
430496;Cornudella de Montsant;Priorat;1014;63.5;533;0.90510;41.26478;3;0;0;1;0;0;0;0;1;1;0;1;1;1;0;0;0;1;0;2;0;0;0;12;0;1;0;1;0;0;0;0;0;0;0;20.47;21.03;0;14.01;14.01;0;18.19;13.53;20.68;8.35;20.5;5.91
430509;Creixell;Tarragonès;4244;10.46;48;1.44193;41.16785;5;0;0;0;0;0;0;0;1;0;0;3;1;0;0;0;0;1;1;2;0;0;0;14;0;0;0;1;0;2;2;0;3;0;0;10.49;10.49;1.94;3.12;3.12;0;10.77;2.34;7.59;0;8.4;3.85
170583;Crespià;Pla de l'Estany;253;11.38;138;2.79777;42.18775;0;0;0;0;0;0;0;0;0;0;0;0;0;0;0;0;0;0;0;0;0;0;0;3;0;0;0;0;0;0;0;0;0;0;0;8.65;15.77;7.19;7.19;7.19;4.82;16.95;14.75;22.54;7.67;7.51;6.83
179011;Cruïlles, Monells i Sant Sadurní de l'Heura;Baix Empordà;1347;99.84;110;2.99223;41.95706;2;0;0;0;0;0;0;0;2;0;0;1;2;0;1;1;0;1;0;4;0;0;0;7;0;0;0;1;0;0;0;1;0;0;0;14.92;14.92;3.97;4.24;0;0;3.81;10.46;12.81;3.94;4.6;9.06
080749;Cubelles;Garraf;17648;13.49;12;1.67232;41.20823;7;0;0;1;0;0;0;0;3;2;1;3;3;2;1;1;0;3;1;2;0;1;1;29;0;1;1;3;0;3;4;0;8;1;1;4.8;4.8;0;0;0;0;4.32;0;5.02;0;4.23;0
250791;Cubells;Noguera;354;39.17;499;0.95758;41.85424;3;1;1;0;0;0;0;0;1;0;0;1;1;0;0;0;0;1;0;0;0;0;0;4;0;0;0;1;0;0;0;0;0;0;0;34.87;34.87;8.2;8.2;8.2;0;13.91;10.44;34.59;8.66;13.61;14.75
430516;Cunit;Baix Penedès;16304;9.74;10;1.63236;41.21409;8;2;1;0;0;0;0;0;3;1;1;2;3;1;1;0;0;4;1;3;0;1;0;30;1;1;1;3;0;3;4;1;11;1;1;7.57;7.57;0;0;0;0;4.24;0;8.19;0;0;0
170600;Darnius;Alt Empordà;561;34.93;193;2.83340;42.36693;4;0;0;0;0;0;0;0;1;0;0;1;1;0;0;0;0;1;0;1;0;0;0;6;0;0;0;1;0;1;1;0;1;0;0;14.91;14.91;6.38;6.38;14.71;0;16.63;14.53;42.34;3.12;14.7;6.38
170617;Das;Cerdanya;261;14.58;1219;1.87195;42.36272;0;0;0;0;0;0;0;0;0;0;0;0;0;0;0;0;0;0;0;0;0;0;1;5;0;0;0;0;0;0;0;0;0;0;0;8.91;8.91;7.8;9.14;9.14;1.56;9;2.58;33.9;1.63;3.75;1.68
439018;Deltebre;Baix Ebre;12074;107.44;6;0.72400;40.71906;6;0;0;1;0;0;0;0;3;1;1;1;3;1;1;0;1;4;1;3;0;1;2;24;1;4;0;5;0;2;3;0;9;1;1;12.34;12.34;0;0;0;0;14.01;7.6;12.33;0;0;0
080752;Dosrius;Maresme;6307;40.73;147;2.40607;41.59470;4;2;2;0;0;0;0;0;1;1;0;1;1;1;0;0;2;2;0;1;0;1;0;17;0;2;0;2;0;0;0;0;0;1;0;4.76;4.76;0;4.94;4.94;0;4.56;4.82;7.75;4.5;3.8;0
430537;Duesaigües;Baix Camp;219;13.58;268;0.93071;41.14610;3;1;1;0;0;0;0;0;1;0;0;0;1;0;0;0;0;0;0;1;0;0;0;3;0;0;0;0;0;0;0;0;1;0;0;14.8;15.04;7.52;7.52;6.27;3.44;13.94;0.87;14.61;3.72;13.43;8.04
170622;l'Escala;Alt Empordà;10641;16.31;14;3.13231;42.12480;7;2;1;1;0;0;0;0;2;1;1;1;2;1;1;0;0;5;1;3;0;0;3;25;1;1;0;5;0;5;9;0;11;1;4;21.57;21.57;0;0;0;0;9.26;12.89;29.53;0;0;9.23
080765;Esparreguera;Baix Llobregat;22639;27.4;187;1.87065;41.53902;6;1;1;0;0;0;0;0;7;3;2;5;5;2;0;0;0;10;1;1;0;2;1;36;1;2;0;8;0;0;0;1;7;1;0;8.54;8.54;0;0;2.11;0;4.4;1.51;12.43;0;0;0
170638;Espinelves;Osona;262;17.43;752;2.41777;41.86869;1;1;1;0;0;0;0;0;0;0;0;0;0;0;0;0;0;0;0;0;0;0;0;1;0;0;0;0;0;0;0;1;0;0;0;15.06;15.06;7.51;10.29;10.29;3.31;15.26;14.42;14.71;7.74;7.63;7.52
250812;l'Espluga Calba;Garrigues;324;21.53;434;1.00536;41.49492;2;0;0;0;0;0;0;0;1;0;0;2;1;0;0;0;0;1;0;1;0;0;0;4;0;0;0;1;0;0;0;0;0;0;0;31.22;31.22;11.78;11.78;11.78;0;11.12;6.82;34.05;7.5;17.19;11.12
430542;l'Espluga de Francolí;Conca de Barberà;3892;56.97;411;1.10446;41.39658;7;0;0;0;0;0;0;0;2;1;0;2;1;1;1;0;0;1;1;0;0;2;5;17;0;2;1;1;0;4;4;0;5;1;0;17.58;17.58;0;4.92;0;0;4.67;0;26.85;0;15.86;0
080771;Esplugues de Llobregat;Baix Llobregat;48424;4.6;110;2.08858;41.37760;7;2;1;0;2;1;1;0;15;10;8;11;8;4;3;3;0;13;1;4;0;1;2;64;3;6;0;14;0;10;11;1;17;1;1;0;0;0;0;0;0;1.16;1.81;0;0;0;0
170643;Espolla;Alt Empordà;399;43.55;124;3.00188;42.39128;1;0;0;0;0;0;0;0;1;0;0;0;1;0;0;0;0;0;0;1;0;0;0;5;0;0;0;0;0;0;0;0;0;0;0;14.23;14.23;9.2;10.8;12.92;3;14.51;10.14;47.3;7.32;8.79;10.85
170656;Esponellà;Pla de l'Estany;444;16.06;142;2.79602;42.17771;1;0;0;0;0;0;0;0;1;0;0;2;1;0;0;0;1;0;0;0;0;0;0;5;0;0;0;0;0;0;0;0;0;0;0;7.56;16.54;6.08;6.08;6.08;3.88;17.65;15.26;21.45;6.58;6.83;7.07
250827;Espot;Pallars Sobirà;377;97.3;1318;1.08795;42.57583;2;0;0;0;0;0;0;0;0;0;0;0;0;0;0;0;1;0;0;0;0;0;0;12;0;0;0;1;0;1;1;0;1;0;0;27.57;27.57;6.41;18.37;18.37;6.39;31.41;38.68;38.92;6.51;16.66;28.15
080787;l'Espunyola;Berguedà;260;35.46;803;1.77124;42.05357;0;0;0;0;0;0;0;0;0;0;0;0;0;0;0;0;0;0;0;1;0;0;0;3;0;0;0;0;0;0;0;0;0;0;0;8.81;8.81;7.37;8.38;8.01;4.95;8.26;35.76;35.04;8.07;8.11;7.54
082541;l'Esquirol;Osona;2303;61.8;693;2.36875;42.03473;4;1;1;0;0;0;0;0;1;1;0;1;1;1;0;0;1;1;0;1;0;0;0;10;0;1;0;1;0;0;0;0;0;0;0;14.11;14.11;0;7.54;7.54;0;15.03;9.09;14.07;7.68;7.1;7.45
250886;Estamariu;Alt Urgell;134;21.16;1084;1.52265;42.37291;1;1;1;0;0;0;0;0;0;0;0;0;0;0;0;0;0;0;0;0;0;0;0;0;0;0;0;0;0;0;0;0;0;0;0;5.46;5.46;5.62;5.62;5.62;5.12;5.8;30.74;5.45;5.39;5;13.67
080790;l'Estany;Moianès;391;10.25;870;2.11236;41.86885;3;0;0;0;0;0;0;0;1;0;0;1;1;0;0;0;0;1;1;2;0;0;1;4;0;0;0;1;0;0;0;0;0;0;0;14.38;14.38;7.03;7.03;7.03;0;13.51;11.58;13;0;12.43;6.4
250851;Estaràs;Segarra;161;20.99;596;1.37875;41.69194;0;0;0;0;0;0;0;0;0;0;0;0;0;0;0;0;0;0;0;5;0;0;0;2;0;0;0;0;0;0;0;0;0;0;0;23.12;23.12;8.82;8.82;8.82;3.95;11.98;5.3;21.39;9;9.06;8.45
250864;Esterri d'Àneu;Pallars Sobirà;914;8.49;957;1.12300;42.62863;7;1;1;0;0;0;0;0;1;1;0;1;1;1;0;0;0;1;1;0;0;0;1;14;0;1;0;1;0;0;2;0;2;1;2;27.81;27.81;0;23.93;23.93;0;32.42;45.11;40.82;0;22.17;28.2
250870;Esterri de Cardós;Pallars Sobirà;63;16.55;1212;1.26173;42.59274;0;0;0;0;0;0;0;0;0;0;0;0;0;0;0;0;0;0;0;0;0;0;0;0;0;0;0;0;0;0;0;0;0;0;0;31.09;31.09;12.16;22.7;22.7;11.52;30.73;46.14;30.73;12.09;21.12;40.23
430555;Falset;Priorat;2892;31.62;364;0.82013;41.14616;7;1;1;0;0;0;0;0;1;1;1;1;1;1;1;1;0;2;1;0;0;1;0;10;0;1;0;2;0;2;2;1;1;1;0;16.3;16.3;0;0;0;0;14.02;1.88;23.85;0;16.79;0
170059;el Far d'Empordà;Alt Empordà;624;9;44;2.99665;42.25098;1;0;0;0;0;0;0;0;1;0;0;0;1;0;0;0;0;0;0;1;0;0;0;3;0;0;0;0;0;0;0;0;0;0;0;3.86;3.86;1.68;3.02;2.38;2.1;1.99;2.78;32.61;3.63;1.88;3.32
250899;Farrera;Pallars Sobirà;120;61.87;1294;1.29525;42.48313;0;0;0;0;0;0;0;0;0;0;0;0;0;0;0;0;0;0;0;0;0;0;0;0;0;0;0;0;0;0;0;0;0;0;0;19.7;19.7;15.66;15.66;15.66;7.06;19.3;38.26;19.37;15.91;14.79;33.77
430568;la Fatarella;Terra Alta;841;56.52;487;0.47305;41.16238;4;1;1;0;0;0;0;0;1;0;0;2;1;0;0;0;0;1;1;0;0;0;1;2;0;0;0;1;0;0;0;0;0;0;0;15.65;15.65;9.3;9.3;9.3;0;7.18;8.33;38.38;0;15.11;9.86
430574;la Febró;Baix Camp;35;16.08;754;0.99824;41.27515;0;0;0;0;0;0;0;0;0;0;0;0;0;0;0;0;0;0;0;0;0;0;0;3;0;0;0;0;0;0;0;0;0;0;0;15.66;16.29;8.01;11.74;14.78;3.96;14.54;12.25;16.05;3.86;13.92;3.85
081347;Figaró-Montmany;Vallès Oriental;1187;14.99;330;2.27290;41.72128;4;1;1;0;0;0;0;0;1;0;0;1;1;0;0;0;0;1;0;1;0;0;0;8;0;0;1;1;0;0;0;0;0;0;0;12.19;12.19;2.8;2.8;5.34;0;4.05;0;14.11;4.09;2.8;4.24
080804;Fígols;Berguedà;41;29.31;1154;1.83663;42.18081;0;0;0;0;0;0;0;0;0;0;0;0;0;0;0;0;0;0;0;0;0;0;1;1;0;0;0;0;0;0;0;0;0;0;0;8.4;8.4;8.34;8.34;8.34;3.59;8.58;20.7;36.76;9.11;9.22;6.78
259084;Fígols i Alinyà;Alt Urgell;235;101.8;602;1.39941;42.19511;0;0;0;0;0;0;0;0;0;0;0;0;0;0;0;0;0;0;0;0;0;0;0;1;0;0;0;0;0;0;0;0;0;0;0;18.47;18.47;15.57;18.21;15.57;6.25;18.51;36.04;18.77;17.07;18.93;16.98
430580;la Figuera;Priorat;116;18.69;576;0.71220;41.20104;0;0;0;0;0;0;0;0;0;0;0;0;0;0;0;0;0;0;0;2;0;0;0;4;0;0;0;0;0;0;0;1;0;0;0;13.29;13.29;10.73;10.73;10.73;7.28;12.31;11.33;33.25;7.3;14.42;10.97
170669;Figueres;Alt Empordà;49556;19.3;39;2.96061;42.26732;8;1;0;0;0;1;1;1;15;10;5;7;10;6;7;7;0;18;1;9;1;7;4;68;4;2;1;18;2;12;13;2;30;2;1;0;0;0;0;0;0;0;0;33.15;0;0;0
430593;Figuerola del Camp;Alt Camp;343;22.72;474;1.26488;41.37147;2;1;1;0;0;0;0;0;1;0;0;2;1;0;0;0;1;0;0;0;0;0;2;6;0;0;0;0;0;0;0;0;0;0;0;9.84;9.84;8.53;8.92;8.92;2.32;8.35;8.28;26.55;8.25;8.53;5.37
170675;Flaçà;Gironès;1174;6.53;34;2.95804;42.04687;4;0;0;0;0;0;0;0;1;0;0;1;1;0;0;0;0;1;0;1;0;0;0;8;0;1;1;1;0;1;1;0;0;0;0;12.85;12.85;6.31;6.31;2.89;0;11.45;0;12.74;4.43;10.9;1.24
430607;Flix;Ribera d'Ebre;3342;116.9;47;0.54991;41.23113;8;1;0;1;0;0;0;0;1;1;1;1;1;1;1;1;0;2;1;3;1;1;2;15;0;1;1;2;1;4;4;0;3;1;0;16.76;16.76;0;0;0;0;0;0;41.03;0;17.9;0
250925;la Floresta;Garrigues;159;5.46;316;0.92236;41.49509;3;1;1;0;0;0;0;0;0;0;0;0;0;0;0;0;0;0;0;0;0;0;1;3;0;0;1;0;0;0;0;0;1;0;0;28.39;29.62;5.22;5.22;5.22;5;9.38;0;27.74;5.25;14.6;9.38
080826;Fogars de la Selva;Selva;1705;32.12;45;2.64263;41.72030;4;1;1;0;0;0;0;0;1;0;0;1;1;0;0;0;1;0;0;1;0;0;1;6;0;0;0;0;0;1;1;0;1;0;0;11.8;11.8;2.56;2.56;2.56;2.77;11.89;3.19;13.3;2.83;6.4;2.77
080811;Fogars de Montclús;Vallès Oriental;493;39.72;386;2.44313;41.72790;0;0;0;0;0;0;0;0;0;0;0;0;0;0;0;0;0;0;0;0;0;0;0;0;0;0;0;0;0;0;0;0;0;0;0;5.74;5.74;2.49;3.14;4.63;2.76;6.76;6.13;20.02;3.56;3.62;5.92
170681;Foixà;Baix Empordà;298;18.8;85;3.00113;42.03664;0;0;0;0;0;0;0;0;0;0;0;0;0;0;0;0;0;0;0;0;0;1;0;4;0;0;0;0;0;0;0;0;0;0;0;15.74;15.74;4.94;9.48;5.73;2.89;8.76;3.81;15.41;8.11;7.96;0
080832;Folgueroles;Osona;2262;10.47;552;2.31858;41.93863;3;0;0;0;0;0;0;0;1;1;0;1;1;1;0;0;0;1;0;1;0;0;1;9;0;2;0;1;0;0;0;0;0;0;0;4.82;4.82;0;2.9;4.95;0;5.5;5.83;4.54;1.66;5.53;2.58
250931;Fondarella;Pla d'Urgell;828;5.43;243;0.87366;41.63510;3;1;1;0;0;0;0;0;1;0;0;1;1;0;0;0;0;1;0;0;0;0;0;3;0;0;0;1;0;0;0;0;0;0;0;20.6;21.76;1.46;1.46;1.63;0;1.75;1.96;20.86;1.73;1.98;1.99
080847;Fonollosa;Bages;1571;51.67;525;1.66696;41.76166;2;1;1;0;0;0;0;0;1;0;0;1;1;0;0;0;1;0;0;3;0;0;0;13;0;0;0;0;0;0;0;0;0;0;0;15.01;15.01;10.44;10.44;10.44;5.05;13.22;3.99;13.37;10.59;9.72;10.6
170694;Fontanals de Cerdanya;Cerdanya;516;28.65;1180;1.90281;42.38463;1;0;0;0;0;0;0;0;0;0;0;0;0;0;0;0;0;0;0;0;0;0;0;5;1;0;1;0;0;0;0;0;0;0;0;5.59;5.59;5.66;5.81;5.81;1.96;5.72;0;36.55;1.89;0;1.85
170708;Fontanilles;Baix Empordà;170;9.28;29;3.10762;42.01006;0;0;0;0;0;0;0;0;0;0;0;0;0;0;0;0;0;0;0;0;0;0;0;4;0;0;0;0;0;0;0;0;0;0;0;17.59;17.59;4.35;4.35;4.35;3.66;3.81;13.09;22.78;3.77;4.12;3.64
170715;Fontcoberta;Pla de l'Estany;1482;17.28;207;2.82780;42.15216;2;0;0;0;0;0;0;0;1;0;0;1;1;0;0;0;0;1;0;0;0;0;0;9;0;1;0;1;0;0;0;0;0;0;0;6.88;16.64;5.48;5.48;5.48;0;17.36;11.82;18.45;6.19;6.56;6.42
080850;Font-rubí;Alt Penedès;1436;37.42;319;1.65176;41.41412;3;0;0;0;0;0;0;0;1;1;0;1;1;1;0;0;0;1;0;0;0;0;0;10;0;1;0;1;0;0;0;0;0;0;0;7.88;7.88;0;4.87;8.05;0;8.5;7.77;8.87;4.49;7.82;6.71
250946;Foradada;Noguera;194;28.55;455;1.01241;41.87687;0;0;0;0;0;0;0;0;0;0;0;0;0;0;0;0;0;0;0;0;0;0;0;4;0;1;0;0;0;0;0;0;0;0;0;33.38;33.38;3.01;3.01;3.01;3.34;12.28;14.58;33.14;3.5;12.58;19.94
179026;Forallac;Baix Empordà;1786;50.63;51;3.05550;41.95909;3;1;1;0;0;0;0;0;1;0;0;1;1;0;0;0;0;1;0;0;0;0;1;12;0;0;0;1;0;0;0;0;0;0;0;13.38;13.38;1.01;1.01;1.01;0;1.52;12.74;18.01;1.5;1.77;10.04
430614;Forès;Conca de Barberà;39;16.03;866;1.23440;41.49248;0;0;0;0;0;0;0;0;0;0;0;0;0;0;0;0;0;0;0;0;0;0;0;3;0;0;0;0;0;0;0;0;0;0;0;23.28;23.28;13.03;14.4;14.4;5.2;14.22;14.1;31.64;5.44;18.58;9.08
170736;Fornells de la Selva;Gironès;2813;11.86;102;2.81046;41.93466;5;0;0;0;0;0;0;0;2;1;1;2;1;0;0;0;0;1;1;0;0;0;0;16;1;3;1;1;0;0;0;0;0;0;0;3.25;4.31;0;0;2.71;0;4.27;0;3.46;0;0;2.42
170741;Fortià;Alt Empordà;789;10.76;8;3.04038;42.24243;3;1;1;0;0;0;0;0;1;0;0;1;1;0;0;0;0;1;0;0;0;0;0;5;0;0;0;1;0;0;0;0;0;0;0;7.53;7.53;3.62;3.62;3.62;0;5.61;5.91;33.5;3.46;5.53;3.33
080863;les Franqueses del Vallès;Vallès Oriental;20855;29.14;181;2.29721;41.63633;8;2;1;0;0;0;0;0;5;2;2;4;5;2;2;2;0;8;2;4;0;3;0;35;1;3;2;6;0;3;3;2;5;0;0;2.61;2.61;0;0;0;0;2.9;0;4.83;0;0;0
430629;Freginals;Montsià;445;17.59;126;0.52047;40.67221;3;1;1;0;0;0;0;0;1;0;0;1;1;0;0;0;0;1;0;2;0;0;1;6;0;0;0;1;0;0;0;0;0;0;0;6.35;6.35;5.14;5.14;6.58;0;4.86;10.12;6.19;4.82;6.47;6.5
250962;la Fuliola;Urgell;1277;11.05;275;1.01951;41.71478;5;1;1;0;0;0;0;0;1;0;0;1;1;0;0;0;0;1;0;2;0;0;1;6;0;1;0;1;0;1;1;0;1;0;0;34.24;35.25;9.51;9.51;9.51;0;7.2;9.07;34.82;4.48;10.4;9.87
250978;Fulleda;Garrigues;87;16.18;581;1.02394;41.46373;1;1;1;0;0;0;0;0;0;0;0;0;0;0;0;0;0;0;0;0;0;0;0;3;0;0;0;0;0;0;0;0;0;0;0;27.61;27.61;9.59;14.36;9.59;3.83;7.35;6.19;34.98;5.6;20.95;7.33
080902;Gaià;Bages;174;39.48;481;1.92522;41.91654;0;0;0;0;0;0;0;0;0;0;0;0;0;0;0;0;0;0;0;0;0;0;0;0;0;0;0;0;0;0;0;0;0;0;0;21.94;21.94;4.1;4.1;4.1;4.28;21.87;21.87;21.13;4.32;3.96;4.12
430635;la Galera;Montsià;731;27.47;112;0.46377;40.68155;2;0;0;0;0;0;0;0;1;0;0;2;1;0;0;0;0;1;0;1;0;0;1;6;0;0;0;1;0;0;0;0;0;0;0;10.11;10.11;3.95;3.95;9.33;0;8.42;9.6;10.07;4.64;10.37;9.73
080879;Gallifa;Vallès Occidental;171;16.33;502;2.11524;41.69326;0;0;0;0;0;0;0;0;0;0;0;0;0;0;0;0;0;0;0;0;0;0;0;3;0;0;0;0;0;0;0;0;0;0;0;15.09;15.09;3.88;7.68;8.49;4.09;14.16;13.35;13.3;4.11;7.23;4.9
430640;Gandesa;Terra Alta;3151;71.15;363;0.43894;41.05203;7;1;1;1;0;0;0;1;1;1;1;1;1;1;2;2;0;1;1;1;1;1;1;11;0;1;0;1;1;2;2;1;2;0;0;17.34;17.34;0;0;0;0;0;18.13;26.81;0;11.09;0
430653;Garcia;Ribera d'Ebre;555;52.37;73;0.64892;41.13664;2;0;0;0;0;0;0;0;1;0;0;1;1;0;0;0;0;1;0;1;0;0;0;4;0;0;0;1;0;0;0;0;0;0;0;4.66;4.66;4.17;5.73;5.73;0;4.07;3.36;36.88;4.31;5.91;5.1
430666;els Garidells;Alt Camp;211;3.07;132;1.24770;41.20713;0;0;0;0;0;0;0;0;0;0;0;0;0;0;0;0;0;0;0;0;0;0;0;1;0;0;0;0;0;0;0;0;0;0;0;8.5;8.5;4.21;4.21;5.46;2.09;3.35;2.68;8.23;3.72;3.74;4.01
080885;la Garriga;Vallès Oriental;17386;18.8;252;2.28572;41.68504;7;0;0;0;0;0;0;0;6;4;3;3;4;2;1;1;0;7;1;1;1;2;2;34;2;4;1;5;1;4;4;2;11;1;0;8.06;8.06;0;0;0;0;0;0;10.07;0;0;0
170754;Garrigàs;Alt Empordà;479;19.89;101;2.95419;42.19348;2;1;1;0;0;0;0;0;1;0;0;0;1;0;0;0;0;0;0;1;0;0;0;3;0;0;0;0;0;0;0;0;0;0;0;8.28;8.28;5.79;5.79;5.79;3.01;7.86;3.2;25.34;8.05;5.59;7.97
170767;Garrigoles;Baix Empordà;183;9.4;92;3.02083;42.10363;0;0;0;0;0;0;0;0;0;0;0;0;0;0;0;0;0;0;0;0;0;0;0;2;0;1;0;0;0;0;0;0;0;0;0;19.04;19.04;4.63;9.33;9.33;5.11;11.03;5.03;20.66;5.54;9.17;7.5
170773;Garriguella;Alt Empordà;989;21.01;56;3.06464;42.34462;4;1;1;0;0;0;0;0;1;0;0;1;1;0;0;0;0;1;1;0;0;0;0;4;0;0;0;1;0;0;0;0;0;1;0;12.37;12.37;5.81;7.44;7.44;0;11.65;2.83;44.42;0;4.87;7.5
080898;Gavà;Baix Llobregat;48181;30.75;9;1.99984;41.30446;8;2;2;0;0;0;0;0;12;10;6;11;7;4;2;2;0;16;2;1;1;1;3;64;4;4;1;18;1;5;6;1;10;1;1;1.53;1.53;0;0;0;0;0;0;3.21;0;0;0
250984;Gavet de la Conca;Pallars Jussà;257;90.9;421;0.92102;42.12286;0;0;0;0;0;0;0;0;0;0;0;0;0;0;0;0;0;0;0;0;0;0;0;0;0;0;0;0;0;0;0;0;0;0;0;5.04;5.04;4.76;4.76;2.91;5.15;5.19;3.57;4.84;5.25;9.91;38.63
080919;Gelida;Alt Penedès;8192;26.7;196;1.86311;41.44100;6;1;1;0;0;0;0;0;2;1;1;2;2;1;0;0;0;2;1;2;0;0;1;12;0;1;1;2;0;0;0;0;0;0;0;5.87;5.87;0;0;4.35;0;8.13;0;15.41;0;4.96;6.54
170789;Ger;Cerdanya;501;33.38;1135;1.84500;42.41050;2;0;0;0;0;0;0;0;1;0;0;1;1;0;0;0;0;1;0;0;0;0;0;7;0;1;0;1;0;0;0;0;0;0;0;7.22;7.22;7.31;7.4;7.4;0;7.1;5.67;32.2;3.36;3.1;5.24
259123;Gimenells i el Pla de la Font;Segrià;1072;55.84;258;0.38956;41.65249;5;1;1;0;0;0;0;0;2;0;0;2;2;0;0;0;1;1;0;0;0;0;0;11;0;0;0;1;0;1;1;0;1;1;0;18.73;18.73;9.37;9.37;9.37;0;9.54;20.6;16.17;9.57;16.96;19.42
430672;Ginestar;Ribera d'Ebre;799;15.84;26;0.63442;41.04226;3;0;0;0;0;0;0;0;1;0;0;1;1;0;0;0;0;1;1;1;0;0;0;5;0;0;0;1;0;0;0;0;0;0;0;5.94;5.94;4.93;4.93;4.93;0;5.26;7.32;26.55;0;4.67;4.96
170792;Girona;Gironès;108352;39.12;70;2.82480;41.98316;8;4;3;0;13;3;1;1;32;17;15;23;22;9;12;12;0;44;7;17;2;6;10;184;6;13;1;47;4;52;60;4;104;6;8;0;0;0;0;0;0;0;0;0;0;0;0
080924;Gironella;Berguedà;5082;6.78;469;1.88279;42.03351;7;2;1;0;0;0;0;0;3;1;1;2;2;1;1;0;0;3;1;0;0;0;0;18;1;1;0;3;0;4;4;0;4;1;0;8.47;8.47;0;0;0;0;8.43;28.6;32.09;0;0;4.09
080930;Gisclareny;Berguedà;28;36.47;1340;1.78621;42.26516;0;0;0;0;0;0;0;0;0;0;0;0;0;0;0;0;0;0;0;0;0;0;0;1;0;0;0;0;0;0;0;0;0;0;0;18.49;18.49;6.65;6.65;6.65;5.87;18.57;15.4;28.79;11.56;16.39;8.53
430688;Godall;Montsià;600;33.62;168;0.46874;40.65539;3;1;1;0;0;0;0;0;1;0;0;1;1;0;0;0;0;1;0;1;0;0;1;5;0;0;0;1;0;0;0;0;0;1;0;10.98;10.98;6.47;6.47;6.64;0;9.38;6.81;10.86;6.56;11.14;6.98
250997;Golmés;Pla d'Urgell;1914;16.62;275;0.93225;41.63247;5;0;0;0;0;0;0;0;1;0;0;1;1;0;0;0;0;1;0;3;0;0;0;8;0;1;1;2;0;1;1;0;4;1;0;25.45;26.62;3.06;3.34;3.34;0;3.32;0;25.66;3.11;3.4;2.99
170806;Gombrèn;Ripollès;206;43.26;919;2.08983;42.24888;1;1;1;0;0;0;0;0;0;0;0;0;0;0;0;0;1;0;0;0;0;0;2;10;0;0;0;0;0;0;0;0;0;0;0;6.97;6.97;9.05;9.7;10.28;7.09;9.09;6.94;37.38;7.15;10.56;9.74
251001;Gósol;Berguedà;207;56.29;1423;1.66050;42.23709;2;1;1;0;0;0;0;0;1;0;0;1;1;0;0;0;0;0;0;1;0;0;1;5;0;0;0;0;0;0;0;0;0;0;0;21;21;12.82;16.95;16.95;6.18;21.22;24.89;21.31;12.55;21.24;12.53
080945;la Granada;Alt Penedès;2281;6.52;272;1.71949;41.37688;4;0;0;0;0;0;0;0;1;0;0;1;1;0;0;0;0;1;0;3;0;1;0;12;0;0;1;1;0;2;2;0;0;0;0;2.59;2.59;2.92;3.82;3.82;0;3.86;0;4.07;3.82;4.39;0
251018;la Granadella;Garrigues;751;88.7;528;0.66484;41.35580;5;2;1;1;0;0;0;0;1;1;0;2;1;1;0;0;0;1;1;1;0;0;0;4;0;0;0;1;0;0;0;0;0;0;0;29.02;29.02;0;17.55;17.55;0;16.79;17.5;28.19;0;26.71;17
080958;Granera;Moianès;83;23.73;782;2.06346;41.73037;0;0;0;0;0;0;0;0;0;0;0;0;0;0;0;0;0;0;0;0;0;0;0;0;0;0;0;0;0;0;0;0;0;0;0;18.65;18.65;5.11;8.97;8.97;5.22;17.99;15.27;15.06;5.46;13.06;5.18
251023;la Granja d'Escarp;Segrià;994;38.51;78;0.35212;41.41837;4;0;0;0;0;0;0;0;1;0;0;1;1;0;0;0;0;1;1;1;0;0;0;5;0;0;0;1;0;1;1;0;0;0;0;31.64;31.64;7.09;7.09;26.68;0;26.22;21.5;27.18;0;27.67;26.66
080961;Granollers;Vallès Oriental;65123;14.87;145;2.28726;41.60811;8;1;0;1;2;1;1;1;17;12;7;13;11;6;8;7;0;22;2;12;2;1;6;76;5;5;2;18;2;16;22;2;19;1;6;0;0;0;0;0;0;0;0;0;0;0;0
251039;Granyanella;Segarra;154;24.35;508;1.22794;41.66570;0;0;0;0;0;0;0;0;0;0;0;0;0;0;0;0;0;0;0;0;0;0;0;0;0;0;0;0;0;0;0;0;0;0;0;33.69;33.69;3.86;3.86;4.07;3.68;7.86;3.99;31.65;3.9;3.84;3.66
251057;Granyena de les Garrigues;Garrigues;174;20.47;366;0.64915;41.43286;1;1;1;0;0;0;0;0;0;0;0;0;0;0;0;0;0;0;0;0;0;0;0;2;0;0;0;0;0;0;0;0;0;0;0;21.14;21.68;8.54;17.98;18.47;7.76;17.6;15.16;19.53;7.73;18.06;12.13
251044;Granyena de Segarra;Segarra;149;16.3;636;1.24716;41.62396;0;0;0;0;0;0;0;0;0;0;0;0;0;0;0;0;0;0;0;0;0;0;0;1;0;0;0;0;0;0;0;0;0;0;0;31.23;31.23;5.65;5.65;6.35;5.5;9.59;5.98;29.11;5.57;6.25;5.24
430691;Gratallops;Priorat;227;13.52;321;0.77676;41.19317;2;1;1;0;0;0;0;0;1;0;0;0;1;0;0;0;0;0;0;1;0;0;0;4;0;0;0;0;0;0;0;0;0;0;0;15.93;15.93;5.87;5.87;5.87;6.37;14.76;7.47;27.78;6.37;16.82;6.45
080977;Gualba;Vallès Oriental;1753;23.29;177;2.50184;41.73207;4;1;1;0;0;0;0;0;1;0;0;1;1;0;0;0;0;1;0;3;0;0;0;9;0;0;1;1;0;0;0;1;0;0;0;5.09;5.09;3.31;4.4;4.4;0;6.35;0;17.67;4.52;4.49;5.07
170813;Gualta;Baix Empordà;437;9.02;15;3.10350;42.02840;1;0;0;0;0;0;0;0;0;0;0;0;0;0;0;0;0;0;0;0;0;0;0;8;0;0;0;0;0;0;0;0;1;0;0;19.66;19.66;2.92;2.92;3.04;2.25;2.33;12.25;22.96;2.39;2.37;2.24
080996;Guardiola de Berguedà;Berguedà;962;61.73;720;1.87920;42.23317;5;1;0;1;0;0;0;0;1;0;0;1;1;0;0;0;0;1;0;0;0;1;0;9;0;0;0;1;0;0;2;0;2;1;2;14.32;14.32;2.46;2.46;2.46;0;14.65;13.91;37.21;15.13;15.2;0
430705;els Guiamets;Priorat;253;12.14;226;0.75215;41.10194;1;0;0;0;0;0;0;0;1;0;0;1;1;0;0;0;0;0;0;1;0;0;0;4;0;0;0;0;0;0;0;0;0;0;0;9.63;9.63;8.36;8.4;8.4;2.48;8.47;2.36;30.12;6.8;9.82;7.49
170828;Guils de Cerdanya;Cerdanya;559;22.02;1385;1.88007;42.44871;2;1;1;0;0;0;0;0;0;0;0;0;0;0;0;0;0;0;0;0;0;0;0;6;0;0;1;0;0;0;0;0;0;0;0;4.41;4.41;4.45;4.45;4.45;4.21;4.14;0;35.98;3.16;4.62;4.2
251095;Guimerà;Urgell;253;25.76;555;1.18374;41.56420;2;1;1;0;0;0;0;0;1;0;0;1;1;0;0;0;1;0;0;0;0;0;2;5;0;0;0;0;0;0;0;0;0;0;0;31.72;31.72;9.14;9.14;9.14;6.22;10.11;10.28;34.17;9.76;9.62;9.89
259031;la Guingueta d'Àneu;Pallars Sobirà;276;108.42;919;1.13185;42.59455;0;0;0;0;0;0;0;0;0;0;0;0;0;0;0;0;0;0;0;0;0;0;0;7;0;0;0;0;0;0;0;0;0;0;0;29.82;29.82;3.83;20.13;20.13;3.68;34.06;41.72;37.6;3.87;18.37;30.3
251109;Guissona;Segarra;7715;18.1;484;1.28804;41.78460;7;1;0;0;0;0;0;0;3;2;1;2;2;1;1;1;0;3;1;1;0;1;2;18;1;3;0;3;0;4;5;2;5;1;1;35.17;35.17;0;0;0;0;15.62;12.39;33.64;0;0;0
251116;Guixers;Solsonès;125;66.44;840;1.67251;42.14088;0;0;0;0;0;0;0;0;0;0;0;0;0;0;0;0;0;0;0;0;0;0;0;0;0;0;0;0;0;0;0;0;0;0;0;15.24;15.24;6.78;15.46;14.6;6.71;14.8;32.08;29.84;6.74;15.28;6.81
081000;Gurb;Osona;2738;51.57;516;2.24401;41.94000;4;1;0;0;0;0;0;0;1;1;0;1;1;1;0;0;0;1;0;1;0;2;0;21;1;2;0;1;0;0;0;1;0;1;0;1.4;1.4;0;0.78;0.86;0;1.3;1.07;0.75;1.86;0;0
430712;Horta de Sant Joan;Terra Alta;1156;118.99;542;0.31694;40.95382;5;0;0;1;0;0;0;0;1;0;0;2;1;0;0;0;0;1;1;0;1;0;2;6;0;0;0;1;0;1;2;0;3;1;1;22.87;22.87;15.35;15.46;15.38;0;0;23.78;22.82;0;15.44;15.24
081017;l'Hospitalet de Llobregat;Barcelonès;292161;12.4;8;2.09964;41.35947;8;8;7;1;4;3;2;0;60;38;23;36;37;19;21;19;0;82;7;13;2;4;3;247;11;15;6;78;1;29;43;3;73;4;14;0;0;0;0;0;0;0;0;0;0;0;0
081629;els Hostalets de Pierola;Anoia;3254;33.49;361;1.77098;41.53353;5;0;0;0;0;0;0;0;1;1;0;1;1;1;0;0;0;1;1;1;0;1;0;11;0;0;0;1;0;0;0;1;2;0;0;13.96;13.96;0;1.54;1.54;0;7.12;1.61;14.01;0;2.51;0
170834;Hostalric;Selva;4464;3.39;189;2.64141;41.74589;7;0;0;1;0;0;0;0;1;1;1;1;1;1;1;0;0;1;1;0;0;1;0;12;0;1;1;1;0;1;1;1;3;0;0;14.39;14.39;0;0;0;0;12.69;0;16.11;0;7.93;0
081022;Igualada;Anoia;42449;8.11;313;1.61756;41.57874;8;2;1;1;4;1;1;1;15;9;7;12;7;4;3;3;0;14;1;8;1;3;4;58;3;5;1;14;0;1;1;2;12;1;0;0;0;0;0;0;0;0;0;0;0;0;0
251155;Isona i Conca Dellà;Pallars Jussà;1034;139.37;659;1.04394;42.11696;4;2;2;0;0;0;0;0;1;0;0;2;1;0;0;0;1;1;0;0;0;0;1;8;0;1;0;1;0;1;1;0;0;0;0;13.22;13.22;13.18;13.18;12.64;0;13.48;12.93;13.26;13.56;17.2;41.32
170849;Isòvol;Cerdanya;314;10.81;1088;1.83729;42.39769;0;0;0;0;0;0;0;0;0;0;0;0;0;0;0;0;0;0;0;1;0;0;0;1;0;0;0;0;0;0;0;0;0;0;0;8.35;8.35;6.05;8.55;8.55;1.64;8.27;5.41;31.35;4.57;3.3;4.75
251137;Ivars d'Urgell;Pla d'Urgell;1598;24.32;265;0.98674;41.68194;5;2;2;0;0;0;0;0;1;0;0;1;1;0;0;0;0;1;0;3;0;0;0;8;0;1;0;1;0;3;3;0;1;0;0;30.67;31.74;6.05;6.05;6.05;0;6.45;5.19;31.13;6.6;10.08;6.45
251121;Ivars de Noguera;Noguera;318;27.14;314;0.58782;41.85075;2;1;1;0;0;0;0;0;1;0;0;0;1;0;0;0;1;0;0;0;0;0;0;4;0;0;0;0;0;0;0;0;0;0;0;25.09;25.09;5.71;5.71;2.75;2.7;18.26;18.83;24.49;2.76;19.77;19.34
251142;Ivorra;Segarra;101;15.36;567;1.39049;41.76988;1;1;1;0;0;0;0;0;0;0;0;0;0;0;0;0;0;0;0;0;0;0;0;2;0;0;0;0;0;0;0;0;0;0;0;27.78;27.78;8.56;8.63;8.63;4.76;10.95;11.02;26.51;8.56;8.27;8.62
170852;Jafre;Baix Empordà;384;6.64;44;3.01074;42.07197;1;1;1;0;0;0;0;0;0;0;0;0;0;0;0;0;0;0;0;1;0;0;0;2;0;0;0;0;0;0;0;0;0;0;0;18;18;2.95;10.27;8.03;3.18;10.03;3.84;17.91;8.14;9.43;3.88
170865;la Jonquera;Alt Empordà;3410;56.93;110;2.87307;42.41681;7;2;1;1;0;0;0;0;1;1;1;1;1;1;0;0;0;1;1;1;0;2;1;12;0;1;0;1;0;1;3;0;15;1;2;17.89;17.89;0;0;17.62;0;19.24;17.87;48.03;0;16.81;0
081038;Jorba;Anoia;849;30.9;380;1.54873;41.60177;5;1;1;0;0;0;0;0;2;1;1;2;1;0;0;0;0;1;0;2;0;0;0;7;0;0;0;1;0;0;0;0;1;0;0;6.1;6.1;0;0;4.84;0;5;7.25;4.12;5.7;4.86;6.13
259101;Josa i Tuixén;Alt Urgell;110;68.16;1206;1.56649;42.23123;1;0;0;0;0;0;0;0;1;0;0;1;1;0;0;0;0;0;0;1;0;0;1;3;0;0;0;0;0;0;0;0;0;0;0;16.26;16.26;11;16.27;16.27;10.71;16.63;31.63;16.62;10.71;16.62;10.63
170871;Juià;Gironès;320;8.36;94;2.90742;42.01757;1;0;0;0;0;0;0;0;0;0;0;0;0;0;0;0;0;0;0;0;0;0;0;2;0;0;1;0;0;0;0;0;0;0;0;7.72;7.72;2.14;2.14;2.44;2.06;7.81;0;7.49;2.82;7.56;2.51
251180;Juncosa;Garrigues;379;76.49;575;0.77550;41.37144;3;0;0;0;0;0;0;0;1;0;0;1;1;0;0;0;0;1;1;1;0;0;0;4;0;0;0;1;0;0;0;0;0;0;0;30.52;31.39;9.58;17.93;16.01;0;9.22;17.32;29.16;0;28.41;9.22
251193;Juneda;Garrigues;3523;47.33;264;0.82524;41.54886;7;1;1;0;0;0;0;0;1;0;0;1;1;0;0;0;0;1;1;1;0;1;2;11;0;1;1;1;0;2;2;1;2;1;0;18.44;19.68;4.64;4.94;4.94;0;10.47;0;17.9;0;10.12;0
251214;Les;Aran;1052;23.45;634;0.71037;42.81001;4;0;0;0;0;0;0;0;1;0;0;2;1;0;1;1;0;1;0;0;0;0;0;9;0;0;0;1;0;1;2;0;2;1;1;13.97;13.97;14.45;14.45;0;0;13.96;66.76;73.65;14.23;14.21;13.1
251229;Linyola;Pla d'Urgell;2755;28.66;248;0.90438;41.71026;6;1;1;0;0;0;0;0;1;0;0;1;1;0;0;0;0;1;1;2;0;0;1;7;0;1;0;1;0;2;2;0;3;1;0;25.08;26.03;5.1;5.1;8.97;0;3.1;8.55;25.77;0;9.58;8.97
081043;la Llacuna;Anoia;961;52.23;615;1.53353;41.47257;2;0;0;0;0;0;0;0;1;0;0;1;1;0;0;0;0;1;0;1;0;0;0;8;0;0;0;1;0;0;0;0;0;0;0;14.7;14.7;4.73;11.39;13.56;0;9.88;14.21;13.55;6.6;12.43;6.59
170887;Lladó;Alt Empordà;823;13.5;197;2.81344;42.24822;4;1;1;0;0;0;0;0;1;0;0;2;1;0;0;0;0;1;0;0;0;1;0;6;0;1;0;2;0;0;0;0;1;0;0;11.91;11.91;10.98;11.63;11.63;0;13.6;10.86;29.16;10.88;4.98;0
251235;Lladorre;Pallars Sobirà;246;146.98;1052;1.27728;42.67271;1;1;1;0;0;0;0;0;0;0;0;0;0;0;0;0;0;0;0;0;0;0;0;8;0;0;0;0;0;0;0;0;0;1;0;38.41;38.41;13.71;31.27;31.27;13.58;38.1;54.49;38.05;13.59;29.62;39.51
251240;Lladurs;Solsonès;186;128.03;834;1.50669;42.04439;1;0;0;0;0;0;0;0;1;0;0;0;1;0;0;0;0;0;0;0;0;0;0;3;0;0;0;0;0;0;0;0;0;0;0;29.25;29.25;5.67;5.67;5.67;5.61;28.69;33.43;35.09;5.62;5.51;5.47
081056;la Llagosta;Vallès Oriental;13254;3.03;45;2.19324;41.51315;8;1;0;1;0;0;0;0;4;2;1;1;3;1;1;1;0;4;1;2;0;0;0;21;1;2;1;5;0;2;2;1;4;1;0;3.32;3.32;0;0;0;0;2.33;0;5.34;0;0;2.41
170890;Llagostera;Gironès;9579;76.38;160;2.89185;41.82881;5;0;0;0;0;0;0;0;2;1;1;2;2;1;0;0;0;4;1;2;0;1;2;22;0;2;0;4;0;0;0;0;5;1;0;16.42;17.37;0;0;11.22;0;12.51;7.67;15.64;0;6.07;0
170904;Llambilles;Gironès;732;14.58;143;2.85897;41.92085;2;1;1;0;0;0;0;0;0;0;0;0;0;0;0;0;0;1;0;0;0;0;0;3;0;1;0;1;0;0;0;0;0;1;0;6.18;7.63;3.28;3.28;4.86;0;7.39;4.36;5.13;2.66;4.56;3.82
170911;Llanars;Ripollès;517;24.73;983;2.34394;42.32058;2;0;0;0;0;0;0;0;1;0;0;0;1;0;0;0;0;1;0;0;0;0;0;4;0;0;0;1;0;0;0;0;0;0;0;17.97;17.97;2.69;18.37;17.13;0;1.89;14.79;43.38;2.03;18.81;10.79
170926;Llançà;Alt Empordà;5033;27.98;4;3.15439;42.36588;8;1;1;0;0;0;0;0;1;1;1;1;1;1;1;0;0;2;1;2;0;1;1;15;0;1;1;2;0;4;5;0;8;1;1;19.63;19.63;0;0;0;0;11.04;0;50.11;0;11.02;0
251253;Llardecans;Segrià;444;66.04;397;0.55049;41.37412;4;0;0;0;0;0;0;0;1;0;0;1;1;0;0;0;0;1;0;0;0;0;0;5;0;1;0;1;0;1;1;0;1;1;0;28.22;28.46;9.54;15.34;16.41;0;15.85;15.12;25.15;9.71;24.53;16.03
251266;Llavorsí;Pallars Sobirà;343;68.51;811;1.20887;42.49748;4;0;0;0;0;0;0;0;1;0;0;2;1;0;0;0;0;1;0;1;0;0;0;9;0;0;0;2;0;1;1;0;1;0;0;26.06;26.06;11.39;11.39;11.39;0;25.63;34.91;25.76;11.76;9.95;41.01
251207;Lleida;Segrià;147369;212.3;155;0.62670;41.61471;8;10;7;0;17;3;1;1;45;30;22;37;32;17;13;12;1;49;2;22;1;8;6;250;12;17;2;48;2;47;94;4;91;3;47;0;0;0;0;0;0;0;0;0;0;0;0
170932;Llers;Alt Empordà;1268;21.28;142;2.90937;42.29562;3;1;1;0;0;0;0;0;1;0;0;1;1;0;0;0;0;1;0;0;0;0;0;9;0;1;0;1;0;0;0;0;0;0;0;4.9;4.9;4.28;4.67;4.67;0;6.74;4.44;35.07;5.15;4.67;4.77
251272;Lles de Cerdanya;Cerdanya;294;102.79;1471;1.68765;42.39043;1;0;0;0;0;0;0;0;1;0;0;0;1;0;0;0;0;0;0;0;0;1;0;9;0;0;0;0;0;0;0;0;0;0;0;19.04;19.04;7.82;19.22;19.22;3.47;19.43;17.25;19.09;7.65;15.6;0
081075;Lliçà d'Amunt;Vallès Oriental;16519;22.33;145;2.23947;41.60846;5;0;0;0;0;0;0;0;3;2;1;2;3;2;1;1;0;6;1;2;0;0;0;39;0;1;0;4;0;0;0;0;6;0;0;4.65;4.65;0;0;0;0;3.44;3.13;3.79;0;3.42;3.46
081081;Lliçà de Vall;Vallès Oriental;6891;10.83;125;2.23102;41.58806;5;0;0;0;0;0;0;0;2;1;0;1;2;1;0;0;0;2;1;2;0;0;0;22;0;2;0;1;0;0;0;0;2;0;0;5.63;5.63;0;2.41;2.41;0;4.68;3.56;3.79;0;3.11;1.45
251288;Llimiana;Pallars Jussà;130;41.68;790;0.91605;42.07508;1;1;1;0;0;0;0;0;0;0;0;0;0;0;0;0;0;0;0;0;0;0;1;3;0;0;0;0;0;0;0;0;0;0;0;10.07;10.07;9.74;9.74;7.4;10.1;10.16;3.31;9.8;10.2;14.81;33.4
081069;Llinars del Vallès;Vallès Oriental;10931;27.63;198;2.40435;41.63922;7;0;0;1;0;0;0;0;3;2;2;1;2;1;2;2;0;4;1;0;0;1;2;28;1;2;1;4;0;2;3;1;3;1;1;8.7;8.7;0;0;0;0;3.98;0;11.38;0;0;0
170947;Llívia;Cerdanya;1572;12.93;1224;1.98216;42.46497;4;1;1;0;0;0;0;0;1;0;0;1;1;0;0;0;0;1;0;0;0;0;1;7;0;1;0;1;0;0;0;0;1;0;0;5.79;5.79;5.57;5.57;5.57;0;5.71;6.15;44.53;5.67;4.8;5.65
430727;el Lloar;Priorat;100;6.64;219;0.75099;41.18586;0;0;0;0;0;0;0;0;0;0;0;0;0;0;0;0;0;0;0;1;0;0;0;3;0;0;0;0;0;0;0;0;0;0;0;13.82;13.82;7.07;7.07;7.07;6.83;12.69;7.88;29.81;7.24;14.77;7.35
251291;Llobera;Solsonès;201;39.23;855;1.47232;41.94976;1;0;0;0;0;0;0;0;1;0;0;1;1;0;0;0;0;0;0;1;0;0;0;4;0;0;0;0;0;0;0;0;0;0;0;35.8;35.8;5.6;5.6;5.6;5.76;24.4;23.97;37.43;6.19;6.79;6.32
430733;Llorac;Conca de Barberà;105;23.33;648;1.30756;41.55665;0;0;0;0;0;0;0;0;0;0;0;0;0;0;0;0;0;0;0;0;0;0;0;0;0;0;0;0;0;0;0;0;0;0;0;26.2;26.2;6.78;12.99;13.7;6.89;17.48;13.29;24.01;6.88;13.73;10.13
430748;Llorenç del Penedès;Baix Penedès;2426;4.61;162;1.55293;41.28292;6;1;1;0;0;0;0;0;1;0;0;1;1;0;0;0;0;1;1;3;2;0;0;7;0;0;0;1;0;2;2;0;5;1;0;6.62;6.62;4;4;5.42;0;0;4.12;11.23;0;4.26;6.96
170950;Lloret de Mar;Selva;41944;48.71;5;2.84765;41.69862;7;2;2;1;0;0;0;1;7;5;3;2;6;4;2;2;0;20;1;6;0;1;5;53;2;3;0;18;0;3;11;2;22;1;8;3.99;3.99;0;0;0;0;6.59;7.08;21.54;0;0;0
170963;les Llosses;Ripollès;197;114.02;895;2.11791;42.15104;0;0;0;0;0;0;0;0;0;0;0;0;0;0;0;0;0;0;0;0;0;0;0;4;0;0;0;0;0;0;0;0;0;0;0;8.92;8.92;7.69;7.69;7.69;7.77;8.05;7.47;26.42;7.94;7.81;3.77
081094;Lluçà;Lluçanès;280;52.98;745;2.07333;42.06809;2;0;0;0;0;0;0;0;1;0;0;1;1;0;0;0;0;0;1;0;0;0;1;4;0;0;0;0;0;0;0;0;0;0;0;18.8;18.8;6.82;6.82;6.82;6.44;17.57;12.6;20.74;0;14.95;6.16
171024;Maçanet de Cabrenys;Alt Empordà;768;67.91;370;2.75056;42.38616;5;1;1;0;0;0;0;0;1;0;0;2;1;0;0;0;0;1;0;1;0;0;0;8;0;0;0;1;0;1;1;0;1;1;0;21.38;21.38;10.69;10.69;21.15;0;23.22;20.83;44.91;7.84;19.89;10.66
171030;Maçanet de la Selva;Selva;8065;45.58;100;2.73145;41.77624;8;1;0;0;0;0;0;0;2;1;0;1;2;1;0;0;0;3;1;1;0;0;0;14;0;1;1;3;0;1;1;1;5;0;0;11.45;11.45;0;3.3;3.3;0;10.71;0;21.4;0;8.52;4.27
170979;Madremanya;Gironès;277;13.72;177;2.95726;41.99015;0;0;0;0;0;0;0;0;0;0;0;0;0;0;0;0;0;0;0;2;0;0;0;3;0;1;0;0;0;0;0;0;0;0;0;11.43;11.43;7.26;7.26;3.69;4.82;7.32;6.26;10.17;7.33;7.43;6.28
170985;Maià de Montcal;Garrotxa;498;17.29;241;2.74376;42.22273;1;1;1;0;0;0;0;0;0;0;0;0;0;0;0;0;0;0;0;1;0;0;0;6;0;0;0;0;0;0;0;0;0;0;0;12.09;18.15;4.66;10.98;10.98;4.62;19.74;17.1;27.18;4.52;10.33;6.43
251333;Maials;Segrià;945;57.08;395;0.50334;41.36377;4;1;1;0;0;0;0;0;1;0;0;2;1;0;0;0;0;1;0;1;0;0;1;3;0;1;0;1;0;1;2;0;0;0;1;30.33;30.52;13.3;13.56;15.63;0;15.22;12.95;26.84;12.64;26.6;15.37
251305;Maldà;Urgell;240;31.36;428;1.04016;41.55106;2;1;1;0;0;0;0;0;1;0;0;0;1;0;0;0;1;0;0;1;0;0;0;3;0;0;0;0;0;0;0;0;0;0;0;34.58;34.58;9.17;9.17;9.17;2.14;8.76;9.34;35.09;2.23;13.73;8.76
081108;Malgrat de Mar;Maresme;19630;8.82;4;2.74109;41.64565;8;1;1;1;0;0;0;0;5;4;2;2;2;1;1;0;0;9;1;3;0;0;0;32;1;3;1;7;0;1;1;0;4;1;0;6.88;6.88;0;0;0;0;4.42;0;10.95;0;0;2.61
081115;Malla;Osona;286;11.01;580;2.24381;41.89641;2;0;0;0;0;0;0;0;0;0;0;0;0;0;0;0;0;1;0;0;0;0;1;2;0;0;0;1;0;0;0;0;1;0;0;4.68;4.68;3.17;3.29;3.71;0;3.86;3.88;3.82;3.27;2.86;2.85
081120;Manlleu;Osona;21321;17.17;461;2.28362;41.99994;7;1;0;0;0;0;0;0;5;4;2;2;3;2;4;3;0;8;1;3;0;3;1;39;1;2;1;8;0;0;0;2;3;1;0;7.29;7.29;0;0;0;0;8.13;0;7.4;0;0;0
081136;Manresa;Bages;80692;41.64;238;1.82696;41.72306;8;3;2;0;8;1;1;1;24;16;10;13;14;8;8;6;0;32;2;10;1;3;4;98;6;8;4;33;2;20;21;3;52;2;1;0;0;0;0;0;0;0;0;0;0;0;0
430764;Marçà;Priorat;624;16.06;315;0.80313;41.12677;4;0;0;0;0;0;0;0;1;0;0;1;1;0;0;0;0;1;0;0;0;0;2;5;0;0;1;1;0;1;1;0;0;1;0;14.3;14.3;3.55;3.55;3.55;0;12.05;0;25.45;2.45;14.67;2.53
430751;Margalef;Priorat;110;34.66;379;0.75376;41.28450;1;1;1;0;0;0;0;0;0;0;0;0;0;0;0;0;1;0;0;0;0;0;0;4;0;0;0;0;0;0;0;0;0;0;0;23.15;23.15;11.08;15.63;15.63;7.32;17.95;17.72;32.69;9.81;24.31;9.4
082423;Marganell;Bages;311;13.53;291;1.79031;41.64050;0;0;0;0;0;0;0;0;0;0;0;0;0;0;0;0;0;0;0;2;0;0;0;3;0;0;0;0;0;0;0;0;0;0;0;9.75;9.75;5.55;7.04;6.56;5.12;10.44;5.23;10.92;4.6;9.93;4.84
081141;Martorell;Baix Llobregat;28989;12.76;56;1.93079;41.47437;8;1;1;1;0;1;1;0;8;5;3;4;6;3;3;3;0;11;1;4;0;2;6;37;3;4;2;9;0;4;4;2;8;1;0;0;0;0;0;0;0;4.37;0;9.29;0;0;0
081154;Martorelles;Vallès Oriental;4987;3.61;96;2.24336;41.52564;4;0;0;0;0;0;0;0;2;0;0;1;2;0;0;0;0;2;1;2;0;0;0;9;0;1;0;2;0;0;0;0;1;0;0;3.91;3.91;0.96;0.96;2.86;0;5.48;2.31;3.46;0;1.28;2.88
430770;Mas de Barberans;Montsià;535;78.8;348;0.37388;40.73482;3;0;0;0;0;0;0;0;1;0;0;1;1;0;0;0;0;1;1;2;0;0;1;5;0;0;0;1;0;0;0;0;0;0;0;14.86;14.86;10.01;10.01;13.01;0;14.7;14.92;15.11;0;12.96;13.37
171002;Masarac i Vilarnadal;Alt Empordà;291;12.55;85;2.97273;42.35083;1;1;1;0;0;0;0;0;0;0;0;0;0;0;0;0;0;0;0;2;0;0;0;1;0;0;0;0;0;0;0;0;0;0;0;9.32;9.32;5.71;8.62;8.62;2.15;9.89;9.54;42.29;7.58;5.82;8.93
430786;Masdenverge;Montsià;1145;14.61;54;0.53099;40.71545;4;1;1;0;0;0;0;0;1;0;0;1;1;0;0;0;0;1;1;1;0;0;1;5;0;0;0;1;0;0;0;0;0;0;0;4.04;4.04;3.33;3.6;4.28;0;2.63;5.29;4.16;0;4.42;3.97
081167;les Masies de Roda;Osona;758;16.46;468;2.32543;41.98252;1;0;0;0;0;0;0;0;0;0;0;1;0;0;0;0;0;1;0;0;0;0;1;4;0;0;0;1;0;0;0;0;0;0;0;7.41;7.41;1.7;1.7;1.7;0;8.33;5.02;7.33;1.35;3.51;1.35
081173;les Masies de Voltregà;Osona;3345;22.35;533;2.23876;42.02430;5;0;0;0;0;0;0;0;2;2;1;1;1;1;1;1;0;2;1;0;0;0;2;9;0;1;0;2;0;0;0;0;1;1;0;9.91;9.91;0;0;0;0;10.51;3.54;10.1;0;2.85;0.95
430799;Masllorenç;Baix Penedès;568;6.55;304;1.41482;41.26897;5;1;1;0;0;0;0;0;1;0;0;2;1;0;0;0;0;1;1;0;0;0;0;5;0;0;0;1;0;0;1;0;0;0;1;11.81;11.81;6.31;6.31;10.91;0;6.6;5.99;13.55;0;10.83;11.18
081189;el Masnou;Maresme;24727;3.39;27;2.31915;41.47914;7;0;0;1;0;0;0;0;7;5;3;5;5;3;2;2;0;8;1;5;1;1;3;34;2;1;2;7;2;3;3;2;14;1;0;6.74;6.74;0;0;0;0;0;0;6.63;0;0;0
430803;la Masó;Alt Camp;308;3.57;115;1.22200;41.23455;2;1;1;0;0;0;0;0;1;0;0;0;1;0;0;0;0;0;0;0;0;0;0;2;0;0;0;0;0;0;0;0;0;0;0;5.98;5.98;5.12;5.12;6.42;2.49;2.87;5;11.42;4.96;5.35;5.48
430810;Maspujols;Baix Camp;917;3.66;214;1.04561;41.18217;2;0;0;0;0;0;0;0;1;0;0;1;1;0;0;0;0;1;0;1;0;0;0;3;0;0;0;1;0;0;0;0;0;0;0;5.65;6.17;1.9;1.9;4.52;0;5.87;2.63;5.79;4.23;5.72;2.39
081192;Masquefa;Anoia;10111;17.06;257;1.81131;41.50216;7;0;0;0;0;0;0;0;3;1;1;2;3;1;0;0;0;2;1;1;0;0;1;26;1;1;3;2;0;1;1;0;7;1;0;9.68;9.68;0;0;4.32;0;7.66;0;18.36;0;0;4.91
430825;el Masroig;Priorat;477;15.51;192;0.73121;41.12647;2;0;0;0;0;0;0;0;1;0;0;1;1;0;0;0;0;1;0;1;0;0;0;4;0;0;0;1;0;0;0;0;0;0;0;8.57;8.57;7.27;8.4;8.4;0;7.33;4.93;31.44;7.52;9.16;7.77
251312;Massalcoreig;Segrià;589;14.14;94;0.35954;41.45696;3;1;1;0;0;0;0;0;1;0;0;1;1;0;0;0;0;1;0;1;0;0;0;6;0;0;0;1;0;0;0;0;0;0;0;28.19;28.19;4.38;4.38;24.16;0;27.57;25.29;23.7;4.31;24.26;27.49
171019;Massanes;Selva;881;26.07;164;2.65174;41.76641;0;0;0;0;0;0;0;0;0;0;0;0;0;0;0;0;0;0;0;0;0;0;1;3;0;0;0;0;0;0;0;0;0;0;0;15.23;15.23;3.64;3.64;3.64;3.18;10.32;1.95;18.48;2.45;9.01;2.47
251327;Massoteres;Segarra;226;26.11;502;1.31018;41.79735;0;0;0;0;0;0;0;0;0;0;0;0;0;0;0;0;0;0;0;0;0;0;0;3;0;0;0;0;0;0;0;0;0;0;0;34.68;34.68;2.28;2.65;2.65;2.24;17.48;14.07;33.26;2.07;2.27;2.25
081206;Matadepera;Vallès Occidental;9808;25.36;423;2.02670;41.59669;7;1;1;0;0;0;0;0;3;2;2;2;2;1;0;0;0;2;1;0;0;1;0;14;1;2;0;2;0;0;2;0;1;1;2;3.78;3.78;0;0;1.07;0;3.94;2.15;1.01;0;0;0
081213;Mataró;Maresme;131370;22.53;28;2.44500;41.53983;8;5;5;1;2;1;1;0;34;23;13;20;20;10;7;7;0;39;3;6;2;3;5;147;6;10;1;30;2;16;25;3;25;2;9;0;0;0;0;0;0;0;0;0;0;0;0
081228;Mediona;Alt Penedès;2664;47.55;430;1.61136;41.47673;5;1;1;0;0;0;0;0;3;1;0;2;2;0;0;0;0;1;1;4;0;1;0;10;0;1;0;1;0;0;0;0;0;1;0;12.39;12.39;0;8.77;11.3;0;8.61;8.57;12.23;0;10.56;0
251348;Menàrguens;Noguera;802;20.25;205;0.74335;41.72945;5;1;1;0;0;0;0;0;1;0;0;1;1;0;0;0;0;1;0;1;0;0;0;6;0;0;0;1;0;1;2;0;2;0;1;15.38;15.86;8.33;8.85;8.64;0;8.4;2.22;15.78;5.95;8.84;8.12
170998;Meranges;Cerdanya;111;37.34;1539;1.77686;42.44937;0;0;0;0;0;0;0;0;0;0;0;0;0;0;0;0;0;0;0;0;0;0;1;2;0;0;0;0;0;0;0;0;0;0;0;12.59;12.59;9.24;12.69;12.69;7.27;12.36;10.52;27.98;8.95;10.15;9.81
171058;Mieres;Garrotxa;368;26.29;286;2.64028;42.12325;3;1;1;0;0;0;0;0;1;0;0;1;1;0;0;0;0;0;0;1;0;0;0;5;0;1;0;0;0;0;1;0;0;0;1;10.03;15.91;9.43;9.43;9.43;6.21;14.51;21.65;20.7;9.74;9.78;9.43
430831;el Milà;Alt Camp;194;4.13;166;1.20656;41.24854;1;0;0;0;0;0;0;0;1;0;0;0;0;0;0;0;0;0;0;1;0;0;0;1;0;0;0;0;0;0;0;0;0;0;0;5.41;5.41;3.64;3.64;5.63;3.36;4.17;3.07;12.57;3.4;3.74;3.6
251351;Miralcamp;Pla d'Urgell;1359;14.87;287;0.87957;41.60611;4;1;1;0;0;0;0;0;1;0;0;1;1;0;0;0;0;1;0;0;0;1;0;6;0;1;0;1;0;2;2;0;0;0;0;21.12;22.34;1.56;1.56;1.5;0;2.7;3.19;21.14;2.7;2.33;0
430846;Miravet;Ribera d'Ebre;701;32.33;43;0.59768;41.03797;3;1;1;0;0;0;0;0;1;0;0;1;1;0;0;0;0;1;0;3;0;0;0;3;0;0;0;1;0;0;0;0;0;0;0;7.23;7.23;6.16;6.16;6.16;0;6.81;8.94;25.15;3.16;6.13;6.4
081385;Moià;Moianès;6807;75.31;717;2.09714;41.81291;4;0;0;1;0;0;0;0;2;1;1;2;1;1;1;0;0;2;1;1;0;1;3;18;0;1;0;2;0;0;0;0;0;0;0;19.29;19.29;0;0;0;0;18.37;10.51;17.96;0;10.75;0
430859;el Molar;Priorat;301;22.81;228;0.70603;41.16325;1;0;0;0;0;0;0;0;1;0;0;1;1;0;0;0;1;0;0;1;0;0;0;8;0;0;0;0;0;0;0;0;0;0;0;9.46;9.46;8.42;9.96;9.96;4.73;8.4;7.7;33.39;7.37;10.5;9.7
081234;Molins de Rei;Baix Llobregat;27291;15.94;37;2.01604;41.41364;8;1;0;0;0;0;0;0;9;4;3;4;7;2;1;1;0;12;1;5;0;1;1;44;2;4;1;12;0;8;8;3;10;1;0;6.09;6.09;0;0;0;0;1.88;0;7.08;0;0;0
251370;Mollerussa;Pla d'Urgell;16016;7.08;250;0.89402;41.62979;8;1;1;0;0;0;0;1;4;4;3;4;3;3;2;2;0;3;1;4;1;1;1;29;1;3;1;3;0;5;5;1;8;1;0;22.26;23.43;0;0;0;0;0;0;22.47;0;0;0
171061;Mollet de Peralada;Alt Empordà;202;6.04;59;3.00052;42.35859;0;0;0;0;0;0;0;0;0;0;0;0;0;0;0;0;0;0;0;1;0;0;0;2;0;0;0;0;0;0;0;0;0;0;0;10.73;10.73;5.61;9.9;9.9;2.01;10.9;8.03;43.82;5.49;5.31;10.31
081249;Mollet del Vallès;Vallès Oriental;52759;10.77;65;2.21054;41.53542;8;2;0;0;1;1;1;0;15;10;5;7;11;6;5;5;0;15;1;8;0;1;2;72;2;4;2;15;0;13;14;1;20;1;1;0;0;0;0;0;0;5.19;0;0;0;0;0
171077;Molló;Ripollès;350;43.09;1182;2.40448;42.34773;0;0;0;0;0;0;0;0;0;0;0;0;0;0;0;0;1;0;0;1;0;0;0;5;0;0;0;0;0;0;0;0;0;0;0;18.57;18.57;4.31;18.84;18.84;4.87;5.01;20.29;47.33;5.15;19.62;16.03
251364;la Molsosa;Solsonès;101;26.89;667;1.54210;41.78400;0;0;0;0;0;0;0;0;0;0;0;0;0;0;0;0;0;0;0;0;0;0;0;0;0;0;0;0;0;0;0;0;0;0;0;22.73;22.73;6.3;6.3;17.94;6.26;6.24;4.81;22.44;6.36;18.41;6.35
081287;Monistrol de Calders;Moianès;764;21.97;447;2.01389;41.76060;2;0;0;0;0;0;0;0;1;0;0;1;1;0;0;0;0;1;0;1;0;0;0;9;0;0;0;1;0;0;0;0;0;0;0;15.18;15.18;6.5;6.5;6.55;0;14.43;15.34;15.57;6.33;12.43;6.31
081271;Monistrol de Montserrat;Bages;3233;11.77;161;1.84272;41.60983;6;0;0;1;0;0;0;0;3;1;0;2;1;0;0;0;0;1;0;2;0;0;2;13;0;1;3;1;0;1;3;0;3;2;2;12.28;12.28;0;6.33;6.53;0;12.42;0;14.03;2.63;7.19;2.63
171096;Montagut i Oix;Garrotxa;1014;93.7;276;2.59619;42.23146;3;1;1;0;0;0;0;0;1;0;0;1;1;0;0;0;0;1;0;2;0;0;0;8;0;0;0;1;0;0;0;0;0;0;0;11.64;11.64;8.97;10.1;10.12;0;10.97;28.83;32.71;2.42;8.53;11.55
430862;Montblanc;Conca de Barberà;7568;91.07;350;1.16134;41.37669;8;2;1;0;0;0;0;1;2;2;1;2;1;1;1;1;0;2;1;3;1;0;6;22;0;2;1;2;1;3;3;0;5;1;0;12.81;12.81;0;0;0;0;0;0;25.09;0;12.25;5.64
430884;Montbrió del Camp;Baix Camp;3167;10.7;132;1.00342;41.12080;3;0;0;0;0;0;0;0;1;0;0;1;1;0;0;0;0;1;1;0;0;0;2;3;0;0;0;1;0;0;0;0;0;0;0;9.68;9.7;4.77;4.77;2.32;0;7.6;3.16;9.3;0;7.06;4.46
081252;Montcada i Reixac;Vallès Occidental;37446;23.47;36;2.18734;41.48011;8;3;3;1;0;0;0;0;10;7;4;7;7;5;2;1;0;10;2;4;1;1;1;53;1;4;4;8;1;4;5;3;11;1;1;4.18;4.24;0;0;0;0;0;0;3.16;0;0;0
081304;Montclar;Berguedà;133;21.89;728;1.76499;42.01811;0;0;0;0;0;0;0;0;0;0;0;0;0;0;0;0;0;0;0;1;0;0;0;2;0;0;0;0;0;0;0;0;0;0;0;12.1;12.1;9.78;9.78;9.78;6.47;11.6;32.19;31.22;9.84;10.02;10.38
251399;Montellà i Martinet;Cerdanya;605;54.95;967;1.69506;42.36011;4;1;1;0;0;0;0;0;2;0;0;1;2;0;0;0;0;1;0;0;0;0;2;8;0;1;0;1;0;1;1;0;0;1;0;19.25;19.25;6.78;18.4;18.4;0;19.67;16.68;19.36;6.73;15.51;3.49
081311;Montesquiu;Osona;1133;4.94;577;2.20956;42.11002;3;0;0;0;0;0;0;0;1;0;0;1;1;0;0;0;0;1;0;0;0;0;1;5;0;1;1;1;0;0;0;0;0;0;0;13.02;13.02;1;7.63;7.63;0;10.24;0;19.85;1.17;7.61;8.19
251403;Montferrer i Castellbò;Alt Urgell;1161;176.66;732;1.42445;42.34583;2;0;0;0;0;0;0;0;1;0;0;1;1;0;1;0;0;1;0;0;0;0;2;8;0;0;0;1;0;0;0;0;0;0;0;3.16;3.16;2.19;2.82;0;0;2.82;38.97;3.18;3.22;3.4;22.17
430897;Montferri;Alt Camp;509;19.15;229;1.36530;41.26547;1;1;1;0;0;0;0;0;0;0;0;0;0;0;0;0;0;0;0;1;0;0;0;5;0;0;0;0;0;0;0;0;0;0;0;9.71;9.71;9.49;9.49;9.49;2.06;5;4.77;16.54;3.24;9.43;9.84
251386;Montgai;Noguera;643;28.94;286;0.96093;41.79965;4;1;1;0;0;0;0;0;2;0;0;1;2;0;0;0;0;1;0;2;0;0;0;9;0;0;0;1;0;1;1;0;0;0;0;34.07;34.81;6.68;6.68;11.14;0;8.38;12.17;34.63;6.24;11.77;13.04
081265;Montgat;Maresme;12835;2.91;20;2.24779;41.44957;8;1;1;1;0;0;0;0;5;3;3;4;3;1;0;0;0;5;1;1;0;0;0;27;0;2;2;4;0;3;3;0;6;1;0;0.21;0.21;0;0;0.28;0;1.56;0;2.6;0;0.09;0.08
081326;Montmajor;Berguedà;471;76.49;756;1.73611;42.01913;3;0;0;0;0;0;0;0;1;0;0;1;1;0;0;0;1;0;0;1;0;0;1;3;0;0;0;0;0;1;1;0;1;0;0;13.55;13.55;12.09;12.13;12.13;8.86;13.02;31.97;31.81;12.19;12.39;12.27
081332;Montmaneu;Anoia;182;13.62;709;1.41446;41.62573;1;1;1;0;0;0;0;0;0;0;0;0;0;0;0;0;1;0;0;1;0;1;0;1;0;0;0;0;0;0;0;0;0;0;0;17.58;17.58;10.8;12.71;12.98;3.34;11.55;3.39;15.53;10.62;13.19;0
430901;el Montmell;Baix Penedès;1945;72.8;429;1.48717;41.33163;2;1;1;0;0;0;0;0;1;0;0;1;1;0;0;0;1;0;0;3;0;0;0;7;0;0;0;1;0;0;0;0;0;0;0;12.85;12.85;6.29;6.29;11.74;5.78;7.29;11.47;16.87;5.55;11.89;12.89
081350;Montmeló;Vallès Oriental;8868;4;72;2.24790;41.55173;7;0;0;0;0;0;0;0;2;1;1;1;2;1;1;1;0;4;1;2;0;0;1;20;0;2;1;4;0;2;2;0;3;1;0;3.96;3.96;0;0;0;0;6.79;0;1.79;0;1.39;1.78
251425;Montoliu de Lleida;Segrià;491;7.34;166;0.58876;41.56049;2;0;0;0;0;0;0;0;1;0;0;0;1;0;0;0;0;1;0;0;0;0;0;4;0;0;0;1;0;0;0;0;0;0;0;7.33;7.52;3.6;4.08;4.08;0;7.45;7.61;4.62;5.3;3.6;6.12
251410;Montoliu de Segarra;Segarra;182;29.47;689;1.27075;41.59013;0;0;0;0;0;0;0;0;0;0;0;0;0;0;0;0;0;0;0;4;0;0;0;4;0;0;0;0;0;0;0;0;0;0;0;29.02;29.02;8.97;8.97;9.7;7.26;12.89;9.29;26.85;8.85;9.68;8.58
251431;Montornès de Segarra;Segarra;87;12.32;605;1.22999;41.60087;1;1;1;0;0;0;0;0;0;0;0;0;0;0;0;0;0;0;0;0;0;0;0;1;0;0;0;0;0;0;0;0;0;0;0;32.44;32.44;8.58;8.58;8.7;7.41;9.38;8.9;30.27;8.5;8.6;8.17
081363;Montornès del Vallès;Vallès Oriental;17062;10.23;116;2.26732;41.54534;7;1;0;0;0;0;0;0;5;2;1;2;5;2;1;0;0;7;1;1;0;1;0;27;1;2;0;6;0;1;1;1;5;0;0;5.45;5.45;0;0;0;0;6.09;1.88;3.52;0;0;0
430918;Mont-ral;Alt Camp;176;34.72;888;1.09794;41.28686;2;1;1;0;0;0;0;0;1;0;0;0;1;0;0;0;0;0;0;1;0;0;0;2;0;0;0;0;0;0;0;0;0;0;0;12.84;12.84;6.4;6.4;11.14;6.67;11.35;6.96;14.66;6.63;6.3;6.43
171100;Mont-ras;Baix Empordà;1690;12.31;88;3.14468;41.90812;5;1;1;0;0;0;0;0;1;0;0;1;1;0;0;0;0;1;1;0;0;0;0;9;0;1;0;1;0;0;0;0;1;0;0;6.25;6.25;1.59;1.73;1.8;0;1.94;21.9;26.22;0;1.72;1.94
430923;Mont-roig del Camp;Baix Camp;14652;63.32;120;0.95877;41.08330;6;0;0;1;0;0;0;0;3;2;2;2;3;2;1;1;0;4;2;3;0;1;1;24;0;2;0;4;0;4;9;0;12;1;5;14.97;14.97;0;0;0;0;8.7;6.47;14.6;0;8.35;0
081379;Montseny;Vallès Oriental;387;26.77;528;2.39518;41.75931;2;0;0;0;0;0;0;0;1;0;0;2;1;0;0;0;0;0;0;1;0;0;0;5;0;0;0;0;0;0;1;0;0;0;1;10.99;10.99;6.84;7.69;9.9;7.01;11.93;10.88;20.62;8.01;8.15;11.19
430939;Móra d'Ebre;Ribera d'Ebre;5841;45.12;38;0.64169;41.09318;6;0;0;0;0;1;1;1;2;2;1;2;1;1;1;1;0;1;1;1;1;2;0;22;1;2;0;1;0;1;1;1;2;0;0;0;0;0;0;0;0;0;1.78;32.09;0;0;0
430944;Móra la Nova;Ribera d'Ebre;3365;15.93;31;0.65086;41.10030;7;2;1;0;0;0;0;0;1;1;0;1;1;1;0;0;0;1;1;2;1;0;1;11;0;2;1;1;0;0;0;0;1;0;0;1.23;1.23;0;2.14;2.14;0;0;0;33.08;0;2.11;1.32
430957;el Morell;Tarragonès;3811;5.94;104;1.20854;41.19209;7;1;1;1;0;0;0;0;1;1;1;1;1;1;0;0;0;1;1;2;0;1;0;8;0;1;0;1;0;1;1;0;2;0;0;7.95;7.95;0;0;4.12;0;2.11;5.37;7.2;0;0.62;0
430960;la Morera de Montsant;Priorat;154;52.88;743;0.81133;41.24807;0;0;0;0;0;0;0;0;0;0;0;0;0;0;0;0;0;0;0;0;0;0;0;7;0;0;0;0;0;0;0;0;0;0;0;22.34;22.34;7.9;10.48;10.48;3.32;20.07;13.02;26.64;11.44;23.32;3.18
081290;Muntanyola;Osona;700;40.3;807;2.18100;41.87827;1;0;0;0;0;0;0;0;1;0;0;1;1;0;0;0;0;0;0;1;0;0;0;3;0;0;0;0;0;0;0;0;0;0;0;9.24;9.24;4.76;4.99;4.99;3.69;8.32;6.83;7.91;5.11;7.61;7.6
081398;Mura;Bages;234;47.79;454;1.97615;41.69993;1;0;0;0;0;0;0;0;1;0;0;1;1;0;0;0;1;0;0;1;0;0;2;7;0;0;0;0;0;0;0;0;0;0;0;11.6;11.6;7.86;9.82;9.82;7.34;11.07;10.04;11.6;7;9.99;7.49
251459;Nalec;Urgell;91;9.25;487;1.11552;41.56022;1;1;1;0;0;0;0;0;0;0;0;0;0;0;0;0;0;0;0;0;0;0;0;3;0;0;0;0;0;0;0;0;0;0;0;32.8;32.8;8.99;8.99;8.95;6.01;9.9;10.05;39.86;8.15;9.86;9.96
250254;Naut Aran;Aran;1893;255.75;1267;0.90246;42.70719;5;2;2;0;0;0;0;0;3;0;0;1;3;0;0;0;1;1;1;0;0;0;4;24;0;1;0;2;0;2;3;0;0;0;1;8.57;8.57;8.19;8.19;8.19;0;13.95;52.22;59.92;0;8.29;8.66
081402;Navarcles;Bages;6277;5.52;269;1.90395;41.75150;7;1;0;0;0;0;0;0;1;1;0;1;1;1;0;0;0;3;1;1;0;0;0;15;0;1;0;3;0;2;2;1;1;0;0;6.4;6.4;0;2.52;2.52;0;5.62;6.27;6.43;0;3.54;2.69
081419;Navàs;Bages;6242;80.62;370;1.87898;41.89972;6;0;0;0;0;0;0;1;2;2;1;2;1;1;1;1;0;3;1;0;0;3;0;16;1;2;0;4;0;0;2;1;8;1;2;20.22;20.22;0;0;0;0;19.69;19.01;18.15;0;0;0
171117;Navata;Alt Empordà;1504;18.48;145;2.86052;42.22375;4;0;0;0;0;0;0;0;1;0;0;1;1;0;0;0;0;1;0;1;0;0;0;11;1;0;0;1;0;0;1;0;1;0;1;9.25;9.25;8.42;8.6;8.6;0;10.53;8.22;26.56;9.24;0;4.68
251462;Navès;Solsonès;297;145.27;610;1.66318;42.01185;1;0;0;0;0;0;0;0;1;0;0;0;1;0;0;0;0;0;0;0;0;0;1;3;0;0;0;0;0;0;0;0;0;0;0;18.73;18.73;10.9;10.9;9.55;9.58;18.16;30.25;33.01;11.05;11.55;10.96
081424;la Nou de Berguedà;Berguedà;163;25.01;876;1.88524;42.16693;1;1;1;0;0;0;0;0;0;0;0;0;0;0;0;0;0;0;0;1;0;0;0;3;0;0;0;0;0;0;0;0;0;0;0;7.33;7.33;7.53;7.53;7.53;2.89;7.76;20.2;39.58;8.16;8.2;7.32
430976;la Nou de Gaià;Tarragonès;602;4.32;93;1.37325;41.18304;4;1;1;0;0;0;0;0;1;0;0;2;1;0;0;0;0;1;1;1;0;0;0;4;0;0;0;1;0;0;0;0;0;0;0;12.37;12.37;3.73;4.09;4.17;0;13.49;4.5;12.01;0;11.08;3.92
430982;Nulles;Alt Camp;556;10.61;231;1.29525;41.24945;3;1;1;0;0;0;0;0;1;0;0;2;1;0;0;0;1;0;0;1;0;0;0;3;0;0;1;0;0;0;0;0;0;0;0;5.26;5.26;5.48;5.48;5.65;2.91;5.39;0;13.62;5.45;5.87;5.53
251484;Odèn;Solsonès;230;114.38;1130;1.43893;42.12282;0;0;0;0;0;0;0;0;0;0;0;0;0;0;0;0;0;0;0;0;0;0;0;4;0;1;0;0;0;0;0;0;0;0;0;25.87;25.87;11.78;15.55;11.78;11.54;26;41.09;26.21;12.63;15.72;12.57
081430;Òdena;Anoia;3756;52.66;421;1.64216;41.60652;5;0;0;0;0;0;0;0;1;1;0;1;1;1;0;0;0;1;1;4;0;1;0;11;0;1;0;1;0;0;0;1;2;0;0;2.78;2.78;0;2.84;2.84;0;3.5;3.33;2.69;0;2.15;0
171122;Ogassa;Ripollès;222;45.22;951;2.27753;42.26585;1;0;0;0;0;0;0;0;1;0;0;0;1;0;0;0;0;0;0;0;0;0;0;8;0;1;0;0;0;0;0;0;0;0;0;10.31;10.31;3.7;10.28;8.96;3.49;8.92;9.92;36.81;3.79;10.63;3.6
081458;Olèrdola;Alt Penedès;3953;30.15;189;1.72167;41.32113;3;0;0;0;0;0;0;0;2;0;0;2;2;0;0;0;1;1;0;4;0;0;0;17;0;0;0;1;0;0;0;0;3;0;0;4.1;4.1;2.65;2.65;2.78;0;3.21;3.05;3.02;3.63;2.85;3.15
081461;Olesa de Bonesvalls;Alt Penedès;2134;30.79;265;1.84991;41.35278;2;0;0;0;0;0;0;0;1;0;0;1;1;0;0;0;0;1;0;2;0;0;0;10;0;0;0;1;0;0;0;0;0;0;0;12.04;12.04;4.97;8.73;9.7;0;12.06;8.33;12.51;6.24;6.01;10.94
081477;Olesa de Montserrat;Baix Llobregat;25000;16.63;124;1.89134;41.54517;7;2;1;1;0;0;0;0;7;5;3;4;4;2;1;1;0;7;1;4;0;3;0;32;1;3;1;7;0;0;0;2;7;0;0;8.5;8.5;0;0;0;0;4.28;0;10.6;0;0;0
251497;Oliana;Alt Urgell;1869;32.37;469;1.31307;42.06641;5;1;1;0;0;0;0;0;1;1;0;1;1;1;1;1;0;1;0;0;0;0;1;10;0;1;0;1;0;0;0;0;1;0;0;34.31;34.31;0;18.22;0;0;34.31;34.46;34.59;3.82;19.14;18.59
251500;Oliola;Noguera;192;86.28;452;1.22175;41.88340;0;0;0;0;0;0;0;0;0;0;0;0;0;0;0;0;0;0;0;0;0;0;0;1;0;0;0;0;0;0;0;0;0;0;0;41.19;41.19;4.16;4.16;12.66;4.68;14.68;23.74;41.08;4.68;4.77;12.25
251517;Olius;Solsonès;989;54.84;742;1.55506;41.97770;1;0;0;0;0;0;0;0;0;0;0;1;0;0;1;1;0;1;0;0;0;0;0;6;0;0;0;1;0;0;0;0;0;0;0;28.32;28.32;3.31;3.31;0;0;27.5;25.59;34.62;3.64;3.27;3.73
081483;Olivella;Garraf;4473;38.75;211;1.81190;41.31035;4;0;0;0;0;0;0;0;1;1;0;1;1;1;0;0;0;1;0;2;0;0;0;11;0;0;0;2;0;0;0;0;2;0;0;7.32;7.32;0;6.1;6.63;0;6.39;7.92;9.99;6.38;6.93;6.43
081496;Olost;Lluçanès;1204;29.37;572;2.09573;41.98597;4;2;1;0;0;0;0;0;1;0;0;1;1;0;0;0;0;1;0;2;0;0;1;5;0;1;0;1;0;0;0;0;1;0;0;14.68;14.68;6.18;6.18;6.18;0;14.4;14.06;13.82;5.89;12.84;12.21
171143;Olot;Garrotxa;39516;29.03;443;2.48473;42.18317;7;3;2;0;0;1;1;1;9;7;4;9;6;4;6;5;0;14;1;3;1;1;5;84;2;4;0;14;1;11;15;2;22;3;4;0;0;0;0;0;0;0;23.59;33.07;0;0;0
251522;les Oluges;Segarra;167;18.95;528;1.32057;41.69482;1;1;1;0;0;0;0;0;0;0;0;0;0;0;0;0;0;0;0;3;0;0;0;0;0;0;0;0;0;0;0;0;0;0;0;27.55;27.55;4.3;4.3;4.3;4.23;16.17;4.48;25.71;4.73;4.52;4.66
081445;Olvan;Berguedà;926;35.58;553;1.90777;42.06270;3;2;2;0;0;0;0;0;1;0;0;1;1;0;0;0;0;1;0;1;0;0;0;10;0;0;0;1;0;0;0;0;0;0;0;6.7;6.7;4.06;4.06;4.06;0;6.92;25.56;31.51;4;4.44;6.73
251538;els Omellons;Garrigues;187;11.06;385;0.95981;41.50108;1;1;1;0;0;0;0;0;0;0;0;0;0;0;0;0;0;0;0;0;0;0;0;2;0;0;0;0;0;0;0;0;0;0;0;30.84;32.08;7.93;7.93;7.93;3.82;11.87;2.97;30.28;5.41;14.82;11.87
251543;els Omells de na Gaia;Urgell;126;13.48;560;1.07482;41.49996;1;1;1;0;0;0;0;0;0;0;0;0;0;0;0;0;0;0;0;1;0;0;0;3;0;0;0;0;0;0;0;0;0;0;0;28.23;28.23;11.84;15.33;11.84;5.84;11.29;11.07;38.43;8.37;17.28;11.09
171156;Ordis;Alt Empordà;411;8.55;98;2.90673;42.21869;1;0;0;0;0;0;0;0;1;0;0;1;1;0;0;0;0;0;0;1;0;0;0;4;0;0;0;0;0;0;0;0;0;0;0;6.8;6.8;5.35;5.35;5.35;1.69;7.57;5.86;26.68;6.7;3.37;6.27
251556;Organyà;Alt Urgell;851;12.53;558;1.32662;42.20850;5;1;1;0;0;0;0;0;1;0;0;1;1;0;0;0;0;1;0;1;0;0;1;7;0;0;0;1;0;1;1;0;1;0;0;19.67;19.67;15.46;19.35;15.46;0;19.57;29.91;19.89;17.43;20.09;23.11
081509;Orís;Osona;352;27.17;576;2.23874;42.05820;1;1;1;0;0;0;0;0;0;0;0;0;0;0;0;0;0;0;0;0;0;0;0;0;0;0;0;0;0;0;0;0;0;0;0;13.63;13.63;1.86;2.13;2.13;2.09;14.26;0.77;13.86;1.42;1.5;2.41
081516;Oristà;Lluçanès;556;68.49;468;2.06056;41.93244;2;1;1;0;0;0;0;0;1;0;0;1;1;0;0;0;0;0;0;2;0;0;1;8;0;0;0;1;0;0;0;0;0;0;0;16.53;16.53;9.48;9.48;9.48;3.29;15.93;15.58;15.31;3.37;14.38;13.62
081521;Orpí;Anoia;176;15.23;375;1.60704;41.52861;0;0;0;0;0;0;0;0;0;0;0;0;0;0;0;0;0;0;0;0;0;0;0;0;0;0;0;0;0;0;0;0;0;0;0;6.68;6.68;5.27;5.27;5.81;1.18;4.97;5.76;6.47;4.95;4.78;3.16
081537;Òrrius;Maresme;814;5.66;259;2.35478;41.55504;3;1;1;0;0;0;0;0;1;0;0;2;1;0;0;0;0;1;0;2;0;2;1;8;0;0;0;1;0;0;0;0;0;0;0;6.27;6.27;3.83;3.83;4.66;0;3.87;6.63;7.23;3.32;2.71;0
251569;Os de Balaguer;Noguera;1094;135.96;463;0.71910;41.87180;4;1;1;0;0;0;0;0;2;0;0;2;2;0;0;0;1;1;0;1;0;0;1;12;0;2;1;1;0;0;0;0;0;0;0;28.75;28.75;10.84;10.84;10.84;0;11.57;0;28.73;11.73;11.9;11.85
171169;Osor;Selva;429;52.07;340;2.55721;41.94515;3;1;1;0;0;0;0;0;1;0;0;0;1;0;0;0;1;0;0;0;0;0;0;7;0;0;0;0;0;1;1;0;0;0;0;20.12;20.12;6.39;6.39;6.39;6.01;13.09;20.92;19.69;5.89;6.33;5.86
251575;Ossó de Sió;Urgell;200;26.29;391;1.13119;41.75914;0;0;0;0;0;0;0;0;0;0;0;0;0;0;0;0;0;0;0;0;0;0;0;2;0;0;0;0;0;0;0;0;0;0;0;44.59;44.82;3.73;3.73;3.73;3.85;4.1;12.11;42.96;4.07;3.81;12.45
081542;Pacs del Penedès;Alt Penedès;934;6.27;201;1.66966;41.36112;2;1;1;0;0;0;0;0;1;0;0;1;1;0;0;0;1;0;0;1;0;0;0;7;0;0;0;0;0;0;0;0;0;1;0;3.07;3.07;2.41;2.41;2.41;1.95;2.86;3.34;3.26;2.67;1.87;2.1
081555;Palafolls;Maresme;10026;16.56;16;2.74920;41.66698;6;1;1;0;0;0;0;0;2;1;1;1;2;1;0;0;1;4;1;1;0;1;0;17;0;2;0;3;0;0;0;1;2;0;0;4.95;4.95;0;0;2.6;0;2.33;1.82;12.74;0;1.78;0
171175;Palafrugell;Baix Empordà;24556;26.88;64;3.16406;41.91498;7;2;1;1;0;0;0;1;6;5;2;4;4;3;1;1;0;12;1;2;1;1;5;42;1;2;0;12;1;12;14;1;22;2;2;7.43;7.43;0;0;0;0;0;22.56;27.6;0;0;0
171181;Palamós;Baix Empordà;18921;13.98;12;3.12970;41.85040;7;1;1;0;0;1;1;0;4;3;2;2;2;2;1;1;0;9;1;0;1;1;3;36;1;4;0;9;1;5;5;1;12;1;0;0;0;0;0;0;0;0;26.14;27.44;0;0;0
251581;el Palau d'Anglesola;Pla d'Urgell;2225;12.27;250;0.88078;41.65157;6;1;1;0;0;0;0;0;1;0;0;1;1;0;0;0;0;1;1;1;0;0;0;7;0;1;0;1;0;3;3;0;1;0;0;21.39;22.51;2.52;2.56;2.56;0;2.77;2.57;21.77;0;3.17;2.75
171194;Palau de Santa Eulàlia;Alt Empordà;124;8.44;86;2.96435;42.17382;2;1;1;0;0;0;0;0;1;0;0;1;1;0;0;0;0;0;0;0;0;0;0;1;0;0;0;0;0;0;0;0;0;0;0;10.49;10.49;7.95;7.95;7.95;2.36;9.87;2.09;23.75;9.77;5;10.21
171215;Palau-sator;Baix Empordà;320;12.39;20;3.10988;41.98879;0;0;0;0;0;0;0;0;0;0;0;0;0;0;0;0;0;0;0;1;0;0;1;4;0;0;0;0;0;0;0;0;0;0;0;15.22;15.22;6.46;6.46;6.46;3.59;6.02;14.19;22.6;3.78;5.75;5.83
171208;Palau-saverdera;Alt Empordà;1524;16.45;78;3.14663;42.30767;4;1;1;0;0;0;0;0;1;0;0;1;1;0;0;0;0;1;0;1;0;0;0;6;0;0;0;1;0;0;0;0;1;0;0;16.32;16.32;4.79;4.79;4.79;0;5.03;5.25;44.42;4.77;4.86;6.21
081568;Palau-solità i Plegamans;Vallès Occidental;15584;14.93;130;2.17853;41.58749;6;1;1;0;0;0;0;0;4;4;1;3;3;3;1;0;0;5;1;0;0;2;2;35;1;1;0;5;0;0;0;0;3;0;0;5.39;5.39;0;0;0;0;7.56;5.26;5.46;0;0;0
431009;els Pallaresos;Tarragonès;5043;5.13;120;1.27258;41.17393;6;1;1;0;0;0;0;0;1;1;1;2;1;1;0;0;0;1;1;1;0;0;0;9;0;1;0;1;0;0;0;0;1;0;0;6.22;6.22;0;0;3.15;0;6.8;2.02;5.12;0;2.72;4.6
081574;Pallejà;Baix Llobregat;11976;8.3;41;1.99728;41.42139;7;1;1;0;0;0;0;0;5;3;1;3;3;1;0;0;0;4;1;1;0;0;1;29;1;1;1;4;0;0;0;1;3;1;0;7.74;7.74;0;0;2.76;0;2.93;0;7.08;0;0;2.14
430995;la Palma d'Ebre;Ribera d'Ebre;331;37.92;335;0.66568;41.28291;3;1;1;0;0;0;0;0;1;0;0;1;1;0;0;0;0;1;0;1;0;0;0;3;0;0;0;1;0;0;0;0;0;0;0;20.96;20.96;8.21;11.93;11.93;0;11.18;12.07;36.11;8.1;22.22;11.36
089058;la Palma de Cervelló;Baix Llobregat;3059;5.46;100;1.97121;41.41098;6;1;1;0;0;0;0;0;1;0;0;1;1;0;0;0;0;1;1;1;0;0;0;8;0;1;0;1;0;2;3;1;2;1;1;7.99;7.99;0.91;2.51;2.77;0;3.66;2.31;8.47;0;1.68;3.98
171236;Palol de Revardit;Pla de l'Estany;463;17.98;152;2.79588;42.06939;0;0;0;0;0;0;0;0;0;0;0;0;0;0;0;0;0;0;0;0;0;0;0;6;0;1;0;0;0;0;0;0;0;0;0;5.79;8.5;5.04;5.04;5.04;2.66;8.8;8.04;9.59;4.13;6.68;6.05
171241;Pals;Baix Empordà;2552;25.83;55;3.14510;41.97107;5;0;0;0;0;0;0;0;1;0;0;1;1;0;0;0;0;2;1;2;0;0;1;14;0;1;0;2;0;2;4;0;4;1;2;13.2;13.2;5.69;6.79;6.97;0;5.65;17.68;25.4;0;6.88;6.31
081580;el Papiol;Baix Llobregat;4404;8.95;135;2.01099;41.43800;6;1;1;0;0;0;0;0;1;0;0;1;1;0;0;0;0;1;1;0;0;0;0;9;1;1;1;1;0;1;1;0;0;1;0;8.44;8.44;1.99;1.99;3.34;0;4.54;0;4.91;0;0;3.06
171254;Pardines;Ripollès;168;31.05;1226;2.21281;42.31242;0;0;0;0;0;0;0;0;0;0;0;0;0;0;0;0;0;0;0;0;0;0;0;2;0;0;0;0;0;0;0;0;0;0;0;10.67;10.67;3.7;12.53;11.65;3.75;3.7;4.07;42.18;3.43;13.36;10.56
081593;Parets del Vallès;Vallès Oriental;18899;9.12;98;2.23236;41.56725;7;1;1;1;0;0;0;0;6;4;1;4;4;2;1;1;0;5;2;2;0;2;0;27;1;1;1;5;0;0;0;2;6;1;0;3.75;3.75;0;0;0;0;6.03;0;1.54;0;0;0
171267;Parlavà;Baix Empordà;435;6.18;40;3.04760;42.02795;1;0;0;0;0;0;0;0;0;0;0;1;0;0;0;0;0;1;0;0;0;0;0;4;0;0;0;1;0;0;0;0;0;0;0;19.23;19.23;4.27;7.09;7.04;0;6.59;7.76;18.57;6.73;6.18;4.29
431016;Passanant i Belltall;Conca de Barberà;149;27.35;714;1.19707;41.53187;1;1;1;0;0;0;0;0;0;0;0;0;0;0;0;0;0;0;0;2;0;0;0;3;0;0;0;0;0;0;0;0;0;0;0;27.99;27.99;12.88;12.88;12.88;8.54;13.86;14.04;33.53;10.59;13.38;13.64
171289;Pau;Alt Empordà;558;10.7;33;3.11694;42.31602;1;0;0;0;0;0;0;0;1;0;0;0;1;0;0;0;1;0;0;0;0;0;0;6;0;0;0;1;0;0;0;0;0;0;0;14.3;14.3;5.63;5.63;5.63;2.24;7.22;2.64;43.79;2.16;6.72;6.02
431021;Paüls;Baix Ebre;554;43.83;378;0.40019;40.92245;4;1;1;0;0;0;0;0;1;0;0;2;1;0;0;0;0;1;0;1;0;0;0;4;0;0;0;1;0;0;0;0;1;0;0;15.53;15.53;13.83;13.83;13.83;0;8.09;16.45;15.37;8.07;13.93;15.11
171292;Pedret i Marzà;Alt Empordà;208;8.65;22;3.08293;42.30613;0;0;0;0;0;0;0;0;0;0;0;0;0;0;0;0;0;0;0;1;0;0;0;3;0;0;0;0;0;0;0;0;0;0;0;11.29;11.29;5.24;5.39;5.39;2.27;8.74;2.21;41.37;2.17;5.03;5.26
251641;Penelles;Noguera;431;25.51;276;0.96546;41.75797;3;0;0;0;0;0;0;0;1;0;0;1;1;0;0;0;0;1;0;0;1;0;0;4;0;1;0;1;1;1;1;0;0;0;0;31.95;32.81;4.98;4.98;11.39;0;0;12.97;32.59;2.17;11.7;13.71
171306;la Pera;Baix Empordà;449;11.54;93;2.97337;42.02050;2;1;1;0;0;0;0;0;1;0;0;0;1;0;0;0;0;0;0;0;0;0;1;4;0;0;0;0;0;0;0;0;0;0;0;13.06;13.06;7.28;7.28;3.51;3.21;8.35;3.28;12.64;7.28;7.91;2.82
081607;Perafita;Lluçanès;433;19.59;754;2.10696;42.04190;1;0;0;0;0;0;0;0;1;0;0;1;1;0;0;0;1;0;0;1;0;0;0;2;0;1;0;0;0;0;0;0;0;0;0;17.25;17.25;6.87;6.87;6.87;4.08;17.31;11.43;16.71;3.95;12.06;8.61
431037;Perafort;Tarragonès;1353;9.54;125;1.25525;41.19020;4;1;1;0;0;0;0;0;1;0;0;1;1;0;0;0;0;1;0;3;0;0;0;7;0;0;0;1;0;0;1;1;0;0;1;7.47;7.47;2.54;2.54;3.74;0;4.58;1.47;6.41;2.15;3.19;3.83
171328;Peralada;Alt Empordà;2087;43.61;32;3.00759;42.30789;6;1;1;1;0;0;0;0;1;1;0;1;1;1;0;0;0;1;0;0;0;0;2;10;1;1;0;1;0;0;2;0;1;0;2;6.16;6.16;0;5.03;5.03;0;5.67;5.73;38.75;6.22;0;5.74
251654;Peramola;Alt Urgell;339;56.17;566;1.26818;42.05785;3;1;1;0;0;0;0;0;1;0;0;1;1;0;0;0;0;0;1;2;0;0;0;3;0;0;0;0;0;0;0;0;0;0;0;32.83;32.83;4.11;17.63;4.11;3.95;33.1;31.7;32.89;0;17.49;21.69
431042;el Perelló;Baix Ebre;3005;100.67;142;0.71239;40.87507;6;2;1;0;0;0;0;0;1;1;1;1;1;1;0;0;0;1;1;2;1;1;1;9;0;1;0;0;1;2;2;0;0;1;0;17.09;17.09;0;0;7.28;0;0;7.02;17.19;0;6.97;0
081614;Piera;Anoia;17884;57.2;324;1.74351;41.51805;8;1;0;1;0;0;0;0;4;3;1;2;3;2;1;0;0;7;1;2;0;0;0;35;1;1;1;7;0;3;3;1;5;1;0;12.9;12.9;0;0;0;0;5.02;0;12.97;0;0;2.84
431055;les Piles de Gaià;Conca de Barberà;228;22.39;676;1.34227;41.50396;0;0;0;0;0;0;0;0;0;0;0;0;0;0;0;0;0;0;0;0;0;0;0;7;0;0;0;0;0;0;0;0;0;0;0;24.91;24.91;4.51;19.4;20.08;4.7;16.34;18.11;22.81;4.74;20.14;13.45
081635;Pineda de Mar;Maresme;30071;10.74;10;2.68949;41.62751;8;1;1;0;0;0;0;0;8;3;3;3;7;3;1;1;0;11;2;2;0;1;1;46;1;3;1;6;0;5;5;2;13;1;0;3.03;3.03;0;0;0;0;2.83;0;6.21;0;0;0
431068;el Pinell de Brai;Terra Alta;948;56.99;189;0.51565;41.01776;5;1;1;0;0;0;0;0;1;0;0;1;1;0;0;0;0;1;0;1;0;0;1;7;0;1;0;1;0;1;1;0;1;0;0;13.39;13.39;7.79;7.79;7.64;0;7.65;15.18;22.09;4.99;12.6;7.64
251667;Pinell de Solsonès;Solsonès;198;91.11;800;1.36856;41.95170;1;0;0;0;0;0;0;0;1;0;0;1;1;0;0;0;0;0;0;1;0;0;0;3;0;0;0;0;0;0;0;0;0;0;0;43.41;43.41;12.62;12.62;12.62;9.72;27.15;27.45;44.61;13.17;13.86;13.22
251673;Pinós;Solsonès;274;104.32;823;1.54190;41.82725;1;0;0;0;0;0;0;0;1;0;0;1;1;0;0;0;0;0;0;2;0;0;0;2;0;0;0;0;0;0;0;0;0;0;0;27.37;27.37;10.9;10.9;15.01;10.87;10.82;9.21;25.5;10.97;18.16;10.92
431074;Pira;Conca de Barberà;512;8.01;385;1.20234;41.42404;2;1;1;0;0;0;0;0;1;0;0;2;1;0;0;0;1;0;0;2;0;0;0;6;0;0;0;0;0;0;0;0;0;0;0;16.16;16.16;6.48;6.48;6.48;2.6;6.22;6.1;31;4.45;15.14;2.57
431080;el Pla de Santa Maria;Alt Camp;2412;34.99;381;1.28881;41.36540;3;2;1;0;0;0;0;0;1;0;0;1;1;0;0;0;0;1;0;1;0;0;0;7;0;1;0;0;0;0;0;0;0;0;0;9.62;9.62;8.64;8.64;8.64;0;8.43;8.8;26.09;8.45;8.22;7.18
081640;el Pla del Penedès;Alt Penedès;1392;9.56;216;1.71068;41.41809;3;1;1;0;0;0;0;0;1;0;0;1;1;0;0;0;0;1;0;1;0;0;0;6;0;1;0;1;0;0;0;0;0;0;0;6.92;6.92;5.9;5.9;5.9;0;8.13;5.38;8.37;3.98;6.38;3.53
171334;les Planes d'Hostoles;Garrotxa;1747;37.5;370;2.53962;42.05736;5;1;1;0;0;0;0;0;1;0;0;2;1;0;0;0;0;1;1;2;0;0;0;9;0;0;0;1;0;0;0;0;2;0;0;15.63;15.63;7.21;7.21;13.64;0;14.5;23.1;22.98;0;13.17;11.11
171349;Planoles;Ripollès;313;18.75;1136;2.10396;42.31631;3;1;1;0;0;0;0;0;1;0;0;1;1;0;0;0;1;0;0;0;0;0;1;9;0;0;1;0;0;0;0;0;0;0;0;11.62;11.62;5.45;14.57;14.49;5.39;5.42;0;44.16;5.58;15.56;14.06
259118;els Plans de Sió;Segarra;512;55.89;412;1.19721;41.76143;2;1;1;0;0;0;0;0;1;0;0;1;1;0;0;0;1;0;0;0;0;0;1;1;0;0;0;0;0;0;0;0;0;0;0;40.04;40.04;7.78;7.78;7.78;7.66;8.59;11.7;38.27;8.17;8.19;8.02
251689;el Poal;Pla d'Urgell;648;8.88;216;0.85683;41.67829;3;1;1;0;0;0;0;0;1;0;0;1;1;0;0;0;0;1;0;0;0;0;0;3;0;0;0;1;0;0;0;0;0;0;0;20.14;21.15;6.09;6.11;6.11;0;6.3;6.15;20.75;3.41;6.68;6.32
251692;la Pobla de Cérvoles;Garrigues;208;61.92;663;0.91528;41.36793;2;1;1;0;0;0;0;0;0;0;0;0;0;0;0;0;1;0;0;1;0;0;1;4;0;0;0;0;0;0;0;0;1;0;0;28.09;28.72;11.9;17.09;15.04;6.05;7.83;7.85;28.48;6.58;24;7.83
081653;la Pobla de Claramunt;Anoia;2350;18.54;265;1.67529;41.55503;5;0;0;0;0;0;0;0;1;0;0;1;1;0;0;0;0;1;1;2;0;1;0;6;0;0;1;1;0;0;0;1;1;0;0;5.9;5.9;2.75;2.75;4.29;0;2.84;0;5.97;0;5.61;0
081666;la Pobla de Lillet;Berguedà;1106;51.45;843;1.97557;42.22925;5;1;1;0;0;0;0;0;1;0;0;1;1;0;0;0;0;1;0;1;0;1;0;12;0;1;0;1;0;1;2;1;1;1;1;15.76;15.76;9.45;9.45;9.45;0;17.61;10.71;39.79;15.99;17.92;0
431093;la Pobla de Mafumet;Tarragonès;4187;6.21;98;1.20951;41.18765;4;0;0;0;0;0;0;0;1;0;0;2;1;0;0;0;0;2;1;1;0;1;0;9;1;1;0;1;0;0;0;0;1;0;0;7.46;7.46;0.72;0.72;3.91;0;2.6;5.31;6.71;0;0;0
431107;la Pobla de Massaluca;Terra Alta;344;43.4;357;0.35368;41.18033;2;0;0;0;0;0;0;0;1;0;0;0;1;0;0;0;1;0;0;1;1;0;0;3;0;0;1;0;0;0;0;0;0;0;0;25.57;25.57;10.38;15.41;15.41;8.28;0;0;42.56;10.17;10.19;15.66
431114;la Pobla de Montornès;Tarragonès;3470;12.29;56;1.41453;41.17881;3;1;1;0;0;0;0;0;1;0;0;1;1;0;0;0;0;1;0;0;0;0;0;11;0;1;0;1;0;0;0;0;0;0;0;11.84;11.84;3.17;3.17;3.17;0;12.12;3.51;9.69;2.26;9.76;3.86
251713;la Pobla de Segur;Pallars Jussà;3179;32.83;524;0.96918;42.24993;8;2;1;1;0;0;0;1;1;1;2;1;1;1;1;1;0;2;1;2;0;0;1;10;0;1;1;2;0;3;3;0;6;1;0;11.2;11.2;0;0;0;0;11.31;0;11.55;0;9.52;52.67
431129;Poboleda;Priorat;345;13.95;343;0.84523;41.23266;2;0;0;0;0;0;0;0;1;0;0;1;1;0;0;0;0;1;0;0;0;1;0;3;0;0;0;1;0;0;0;0;0;0;0;23.12;23.12;5.86;8.88;8.88;0;21.41;11.1;23.36;9.96;23.38;0
081672;Polinyà;Vallès Occidental;8572;8.79;123;2.15626;41.55750;7;1;0;0;0;0;0;0;2;1;1;2;2;1;0;0;0;2;1;1;0;0;0;18;2;1;0;2;0;1;1;0;3;0;0;3.76;3.76;0;0;2.86;0;4.1;3.6;3.36;0;0;2.35
431135;el Pont d'Armentera;Alt Camp;507;21.67;349;1.34002;41.40677;5;1;1;0;0;0;0;0;1;0;0;2;1;0;0;0;0;1;0;1;0;0;0;7;0;0;0;1;0;1;1;0;1;0;0;15.57;15.57;14.32;14.57;14.57;0;10.85;14.69;29.02;8.74;14.15;9.37
250306;el Pont de Bar;Alt Urgell;167;42.62;861;1.60522;42.37204;0;0;0;0;0;0;0;0;0;0;0;0;0;0;0;0;0;0;0;0;0;0;1;0;0;0;0;0;0;0;0;0;0;0;0;12.01;12.01;12.19;12.19;12.19;7.44;12.41;23.96;12.08;11.96;11.67;7.06
171352;Pont de Molins;Alt Empordà;586;8.66;43;2.92554;42.31459;1;0;0;0;0;0;0;0;1;0;0;1;1;0;0;0;1;0;0;1;0;0;0;8;0;1;0;0;0;0;0;0;0;0;0;5.75;5.75;5.5;5.59;5.59;2.41;7.25;5.73;37.41;6.02;5.58;5.52
251734;el Pont de Suert;Alta Ribagorça;2425;148.14;838;0.80039;42.39386;7;2;2;0;0;0;0;1;1;1;1;1;1;1;1;1;0;1;1;1;0;0;1;17;1;1;0;1;1;3;3;0;4;0;0;26.71;26.71;0;0;0;0;26.59;21.87;26.95;0;0;35.22
081825;el Pont de Vilomara i Rocafort;Bages;4201;27.41;202;1.90704;41.70415;4;0;0;0;0;0;0;0;1;1;0;1;1;1;0;0;0;2;1;2;0;0;1;10;0;1;0;1;0;0;0;0;0;0;0;5.92;5.92;0;5.08;5.08;0;5.47;5.39;7.43;0;5.34;5.59
431418;Pontils;Conca de Barberà;123;67.56;551;1.38792;41.47738;0;0;0;0;0;0;0;0;0;0;0;0;0;0;0;0;0;0;0;0;0;0;0;2;0;0;0;0;0;0;0;0;0;0;0;22.88;22.88;6.06;20.68;21.33;6.12;14.6;20.04;20.94;6.2;20.75;15.26
081688;Pontons;Alt Penedès;515;25.94;584;1.51694;41.41574;2;1;1;0;0;0;0;0;1;0;0;0;1;0;0;0;1;0;0;1;0;0;0;4;0;0;0;0;0;0;0;0;0;0;0;17.1;17.1;7.99;8.19;15.67;5.69;13.01;16.39;17.31;8.6;15.82;10.51
171365;Pontós;Alt Empordà;295;13.66;94;2.91732;42.18498;1;1;1;0;0;0;0;0;0;0;0;0;0;0;0;0;0;0;0;2;0;0;0;4;0;0;0;0;0;0;0;0;0;0;0;9.75;9.75;7.6;7.6;7.6;3.13;9.9;6.08;23.33;9.58;3.26;9.3
251728;Ponts;Noguera;2639;30.52;363;1.18640;41.91542;6;1;0;0;0;0;0;0;1;1;1;1;1;1;0;0;0;1;1;1;0;0;1;14;1;1;0;1;0;1;1;0;0;1;0;36.59;36.59;0;0;12.15;0;15.92;27.7;36.47;0;0;16.78
171371;Porqueres;Pla de l'Estany;4804;33.52;148;2.78980;42.10291;3;0;0;0;0;0;0;0;2;0;0;1;2;0;0;0;0;1;1;0;0;0;0;26;0;1;0;1;0;0;0;0;0;0;0;2.69;12.25;2.09;2.09;2.09;0;12.55;10.97;13.33;0;3.37;2.72
431140;Porrera;Priorat;407;28.83;316;0.85619;41.18877;2;0;0;0;0;0;0;0;1;0;0;1;1;0;0;0;0;1;0;1;0;0;0;6;0;0;0;1;0;0;0;0;0;0;0;21.04;21.04;4.66;4.66;4.66;0;18.87;6.17;21.14;5.75;21.27;5.31
171404;el Port de la Selva;Alt Empordà;1055;41.62;12;3.20435;42.33927;5;0;0;0;0;0;0;0;1;0;0;0;1;0;0;0;0;1;1;2;0;0;0;7;0;1;0;1;0;1;1;0;2;1;0;21.93;21.93;4.76;4.76;4.76;0;8.29;5.47;50.1;0;8.06;5.05
171387;Portbou;Alt Empordà;1132;9.22;28;3.16241;42.42635;5;0;0;0;0;0;0;0;1;0;0;2;1;0;0;0;0;1;0;2;0;0;0;9;0;0;2;1;0;1;1;1;1;1;0;24.47;24.47;7.52;7.52;7.52;0;17.66;0;56.21;7.05;16.99;7.05
251749;la Portella;Segrià;730;12.31;259;0.63906;41.73986;3;1;1;0;0;0;0;0;1;0;0;1;1;0;0;0;0;1;0;0;0;0;0;3;0;0;0;1;0;0;0;0;0;0;0;12.87;12.87;8.3;8.3;8.54;0;11.62;9.41;12.69;2.06;10.92;11.3
431153;Pradell de la Teixeta;Priorat;182;21.83;463;0.87545;41.15624;2;1;1;0;0;0;0;0;0;0;0;0;0;0;0;0;0;0;0;0;0;0;0;5;0;0;1;0;0;0;0;0;0;0;0;19.35;19.63;4.28;4.28;4.28;3.96;15.61;0;19.2;4.9;17.88;4.76
431166;Prades;Baix Camp;644;32.58;950;0.98816;41.30982;3;0;0;0;0;0;0;0;1;0;0;1;1;0;0;0;0;1;1;0;0;1;0;8;0;0;0;1;0;0;0;0;0;1;0;19.36;19.99;8.86;15.69;12.79;0;11.26;11.4;19.77;0;15.75;0
431172;Prat de Comte;Terra Alta;180;26.43;363;0.40510;40.98373;3;1;1;0;0;0;0;0;1;0;0;1;1;0;0;0;1;0;0;0;0;0;2;4;0;0;0;1;0;0;0;0;1;0;0;21.08;21.08;8.72;8.72;8.58;3.31;8.11;21.98;20.76;8.1;14.14;8.44
081691;el Prat de Llobregat;Baix Llobregat;66251;31.41;8;2.09305;41.33073;7;0;0;0;0;0;0;0;15;10;4;8;12;7;2;2;1;25;1;5;1;4;1;72;4;3;2;31;1;7;19;2;10;1;12;1.56;1.56;0;0;0;0;0;0;1.9;0;0;0
431188;Pratdip;Baix Camp;784;36.27;245;0.87156;41.05154;3;1;1;0;0;0;0;0;1;0;0;1;1;0;0;0;0;1;0;1;0;0;0;5;0;1;0;1;0;0;0;0;0;0;0;20.22;20.22;6.66;6.66;7.72;0;4.96;6.74;22.68;4.83;7.53;7.12
081712;Prats de Lluçanès;Lluçanès;2759;13.78;707;2.03090;42.00850;7;2;1;0;0;0;0;0;2;1;1;1;1;1;1;0;0;1;1;0;0;0;0;10;0;1;0;1;0;3;3;0;5;1;0;18.37;18.37;0;0;0;0;18.67;18.52;19.73;0;12.15;11.94
081705;els Prats de Rei;Anoia;553;26.06;608;1.54163;41.70554;2;0;0;0;0;0;0;0;1;0;0;2;1;0;0;0;0;1;0;1;0;0;1;3;0;0;0;1;0;0;0;0;0;0;0;14.6;14.6;3.73;3.73;14.46;0;3.84;3.53;13.98;3.65;13.93;3.88
251752;Prats i Sansor;Cerdanya;252;6.57;1124;1.83701;42.36483;2;1;1;0;0;0;0;0;1;0;0;0;1;0;0;0;0;0;0;0;0;0;0;2;0;0;0;0;0;0;0;0;0;0;0;10.52;10.52;4.92;10.75;10.75;4.03;10.53;5.09;31.03;4.17;4.82;4.11
251765;Preixana;Urgell;400;21.52;328;1.03827;41.60774;3;1;1;0;0;0;0;0;1;0;0;2;1;0;0;0;0;1;0;3;0;0;0;5;0;1;0;1;0;0;0;0;0;0;0;34.28;35.48;3.55;3.55;3.55;0;3.2;3.47;34.34;2.99;9.91;3.2
251771;Preixens;Noguera;399;28.67;315;1.04838;41.79315;1;0;0;0;0;0;0;0;1;0;0;1;1;0;0;0;0;0;0;0;0;0;0;8;0;0;0;0;0;0;0;0;0;0;0;39.85;40.71;4.35;4.35;4.35;4.07;4.3;16.51;40.49;4.33;4.5;17.97
082303;Premià de Dalt;Maresme;10601;6.57;142;2.34576;41.50538;6;2;2;0;0;0;0;0;4;3;2;3;2;2;0;0;0;3;1;3;0;0;1;21;0;1;0;3;0;0;0;0;4;1;0;8.99;8.99;0;0;1.94;0;2.03;2.1;7.76;0;1.27;1.63
081727;Premià de Mar;Maresme;29348;2.11;8;2.35685;41.48982;7;1;1;1;0;0;0;0;9;5;1;4;5;1;2;1;0;12;1;3;1;2;2;42;2;2;1;10;0;0;0;1;7;1;0;9.55;9.55;0;0;0;0;0;0;7.7;0;0;0
171390;les Preses;Garrotxa;1946;9.39;474;2.46121;42.14169;4;1;1;0;0;0;0;0;1;0;0;1;1;0;0;0;0;1;0;1;0;0;0;21;0;0;0;1;0;0;0;0;1;0;0;5.12;5.12;3.65;3.65;3.65;0;4.65;19.37;28.17;5.07;3.82;2.28
251790;Prullans;Cerdanya;270;21.21;1096;1.73843;42.37822;3;0;0;0;0;0;0;0;1;0;0;0;1;0;0;0;0;1;0;0;0;0;0;1;0;0;0;1;0;0;0;0;1;0;0;16.67;16.67;3.44;16.86;16.86;0;16.56;13.01;23.03;3.26;11.59;4.43
171411;Puigcerdà;Cerdanya;10053;18.92;1202;1.92724;42.43108;8;1;0;1;0;1;1;0;3;2;1;2;2;1;1;1;0;5;1;1;2;2;0;25;1;3;1;4;1;4;5;0;7;0;1;0;0;0;0;0;0;0;0;39.27;0;0;0
081748;Puigdàlber;Alt Penedès;621;0.4;239;1.70108;41.40429;2;1;1;0;0;0;0;0;1;0;0;1;1;0;0;0;0;0;0;2;0;0;0;5;0;0;0;0;0;0;0;0;0;0;0;5.39;5.39;5.83;6.21;6.21;1.63;6.53;4.21;6.79;5.47;6.43;3.38
251804;Puiggròs;Garrigues;270;9.9;334;0.88938;41.55129;1;0;0;0;0;0;0;0;1;0;0;2;1;0;0;0;0;0;0;1;0;0;0;2;0;0;0;0;0;0;0;0;0;0;0;23.25;24.5;3.95;4.21;4.21;3.22;8.57;3.46;22.86;3.13;8.15;5.37
431191;Puigpelat;Alt Camp;1225;9.48;252;1.29678;41.28001;2;0;0;0;0;0;0;0;1;0;0;1;1;0;0;0;0;1;0;0;0;0;0;8;0;1;0;1;0;0;0;0;0;0;0;3.79;3.79;3.55;3.55;3.55;0;3.95;3.3;16.91;3.98;3.53;3.9
081751;Puig-reig;Berguedà;4558;45.75;455;1.87907;41.97405;5;2;1;0;0;0;0;0;2;1;1;2;1;1;1;0;0;2;1;1;0;1;1;18;1;1;0;2;0;0;0;1;0;0;0;14.85;14.85;0;0;0;0;14.71;27.16;26.25;0;0;0
251811;Puigverd d'Agramunt;Urgell;239;17;366;1.12174;41.77780;1;0;0;0;0;0;0;0;1;0;0;0;1;0;0;0;0;0;0;1;0;0;0;2;0;0;0;0;0;0;0;0;0;0;0;44.62;45.56;1.97;1.97;1.97;1.94;2.13;14.24;44.61;2.09;1.87;13.85
251826;Puigverd de Lleida;Segrià;1416;12.51;219;0.73327;41.54344;6;0;0;0;0;0;0;0;1;0;0;1;1;0;0;0;0;1;1;0;0;0;0;5;0;0;1;1;0;1;1;0;2;0;0;12.48;13.62;9.07;9.98;10.59;0;12.23;0;11.52;0;10.45;2.55
081764;Pujalt;Anoia;205;31.43;770;1.42235;41.71720;0;0;0;0;0;0;0;0;0;0;0;0;0;0;0;0;0;0;0;0;0;0;1;3;0;0;0;0;0;0;0;0;0;0;0;21.81;21.81;7.71;7.71;13.06;5.23;7.67;5.59;20.38;7.73;12.99;7.53
081770;la Quar;Berguedà;44;38.25;885;1.96164;42.08080;0;0;0;0;0;0;0;0;0;0;0;0;0;0;0;0;0;0;0;0;0;0;0;0;0;0;0;0;0;0;0;0;0;0;0;9.53;9.53;8.55;8.55;8.55;6.67;9.97;20.73;28.72;8.49;8.71;10.02
171426;Quart;Gironès;4161;38.09;91;2.83981;41.93991;6;1;1;0;0;0;0;0;2;0;0;1;2;0;0;0;0;1;1;1;0;0;1;15;0;1;0;1;0;1;1;0;3;0;0;3.54;5;2.29;2.29;2.23;0;4.88;2.54;2.56;0;2.62;4.07
170433;Queralbs;Ripollès;202;93.47;1236;2.16268;42.34847;0;0;0;0;0;0;0;0;0;0;0;0;0;0;0;0;1;0;0;1;0;0;0;2;0;0;0;0;0;0;0;0;0;0;0;13.99;13.99;4.79;16.52;15.95;4.74;4.71;5.37;46.65;4.33;17.46;16.23
431205;Querol;Alt Camp;614;72.26;565;1.39721;41.42271;1;1;1;0;0;0;0;0;0;0;0;0;0;0;0;0;0;0;0;1;0;0;0;8;0;0;0;0;0;0;0;0;0;0;0;19.68;19.68;12.18;17.95;18.7;5.22;12.94;18.78;24.42;12.32;18.28;14.19
171432;Rabós;Alt Empordà;236;45.1;106;3.02818;42.37910;0;0;0;0;0;0;0;0;0;0;0;0;0;0;0;0;0;0;0;1;0;0;0;1;0;0;0;0;0;0;0;0;0;0;0;13.72;13.72;7.9;10.5;10.5;4.05;13.67;7.69;46.74;4.87;7.28;10.35
081786;Rajadell;Bages;598;45.53;361;1.70618;41.72761;2;0;0;0;0;0;0;0;0;0;0;0;0;0;0;0;0;1;0;1;0;0;0;1;0;0;1;1;0;0;0;0;0;0;0;11.06;11.06;8.27;8.35;8.35;0;11.68;0;9.86;7.46;9.62;7.28
431362;la Ràpita;Montsià;16230;53.72;11;0.59258;40.62027;7;1;1;1;0;0;0;1;3;2;1;1;2;1;2;2;0;4;1;2;0;1;1;25;0;1;0;3;0;2;4;0;7;1;2;9.93;9.93;0;0;0;0;9.81;12.4;9.61;0;9.67;0
431212;Rasquera;Ribera d'Ebre;788;51.31;174;0.59718;41.00128;4;1;1;0;0;0;0;0;1;0;0;1;1;0;0;0;0;1;0;2;0;0;0;4;0;0;0;1;0;0;0;0;1;0;0;11.02;11.02;9.95;9.95;9.95;0;10.48;12.62;21.21;5.59;9.82;10.11
171447;Regencós;Baix Empordà;274;6.27;78;3.17124;41.95289;0;0;0;0;0;0;0;0;0;0;0;0;0;0;0;0;0;0;0;1;0;0;0;3;0;0;0;0;0;0;0;0;0;0;0;11.61;11.61;3.55;4.6;4.74;2.67;3.18;20.56;27.61;2.68;4.69;4.09
081799;Rellinars;Vallès Occidental;928;17.79;322;1.91861;41.64352;2;1;1;0;0;0;0;0;1;0;0;2;1;0;0;0;1;0;0;2;0;0;0;7;0;0;0;0;0;0;0;0;0;0;0;10.79;10.79;5.37;5.51;5.46;4.02;10.78;4.45;9.4;4.01;8.49;4.24
431227;Renau;Tarragonès;165;8.22;175;1.31154;41.22455;0;0;0;0;0;0;0;0;0;0;0;0;0;0;0;0;0;0;0;1;0;0;0;4;0;0;0;0;0;0;0;0;0;0;0;8.25;8.25;5.7;6.36;8.72;3.02;8.38;1.74;11.62;5.66;8.91;5.6
431233;Reus;Baix Camp;111911;52.82;117;1.10885;41.15534;8;2;2;0;4;2;1;1;31;19;13;21;20;9;6;5;0;43;2;8;1;2;5;130;3;11;1;40;0;24;33;5;58;5;9;0;0;0;0;0;0;0;0;0;0;0;0
251832;Rialp;Pallars Sobirà;651;63.3;725;1.13592;42.44424;3;0;0;0;0;0;0;0;1;0;0;1;1;0;0;0;0;1;0;0;0;0;0;12;1;0;0;1;0;0;0;0;1;1;0;28.47;28.47;3.46;3.46;3.46;0;28.02;26.68;28.24;3.88;0;40.61
431248;la Riba;Alt Camp;574;7.99;263;1.17793;41.31835;5;1;1;0;0;0;0;0;1;0;0;1;1;0;0;0;0;1;0;1;0;0;0;6;0;0;1;1;0;0;0;0;1;0;0;7.27;7.27;6.12;6.46;6.57;0;6.47;0;19.16;6.33;6.41;6.38
431251;Riba-roja d'Ebre;Ribera d'Ebre;1127;99.14;76;0.48766;41.25088;5;1;1;0;0;0;0;0;1;0;0;2;1;0;0;0;0;1;1;0;0;0;0;5;0;1;1;1;0;0;0;0;0;0;0;21.34;21.34;5.44;5.44;5.44;0;5.69;0;39.41;0;22.37;5.67
259059;Ribera d'Ondara;Segarra;436;54.47;570;1.34187;41.62796;3;1;1;0;0;0;0;0;1;0;0;2;1;0;0;0;0;1;0;1;0;0;0;5;0;0;0;1;0;0;0;0;0;0;0;23.53;23.53;7.38;7.38;7.85;0;16.81;7.24;21.44;7.26;8.01;4.84
251850;Ribera d'Urgellet;Alt Urgell;982;106.96;702;1.38479;42.31617;4;2;2;0;0;0;0;0;1;0;0;1;1;0;0;0;0;1;0;0;0;0;0;6;0;0;0;1;0;0;0;0;2;0;0;7.59;7.59;6.74;7.25;6.8;0;7.34;35.49;7.7;7.67;7.92;26.11
171450;Ribes de Freser;Ripollès;1839;41.87;912;2.16761;42.30626;8;1;0;1;0;0;0;0;1;1;0;1;1;1;0;0;0;1;1;1;1;0;2;10;0;1;1;1;1;0;2;1;1;0;2;9.29;9.29;0;11.81;11.28;0;0;0;41.94;0;12.76;11.86
171463;Riells i Viabrea;Selva;4627;26.98;96;2.55784;41.72595;8;1;1;0;0;0;0;0;1;1;0;1;1;1;0;0;0;2;1;2;0;0;0;15;0;1;1;2;0;1;1;0;2;0;0;7.28;7.28;0;5.88;5.88;0;8.13;0;14.86;0;6.78;7.11
431264;la Riera de Gaià;Tarragonès;1831;8.76;28;1.36169;41.16493;2;0;0;0;0;0;0;0;1;0;0;2;1;0;0;0;0;1;0;3;0;0;0;5;0;0;0;1;0;0;0;0;0;0;0;10.44;10.44;2.49;2.49;3.12;0;11.64;3.29;10.07;2.26;9.79;3.1
251863;Riner;Solsonès;270;47.1;830;1.56378;41.94135;1;0;0;0;0;0;0;0;1;0;0;1;1;0;0;0;0;0;0;0;0;0;0;4;0;0;0;0;0;0;0;0;0;0;0;29.99;29.99;6.41;6.41;4.28;3.98;23.62;21.52;31.16;7.05;6.94;7.18
171479;Ripoll;Ripollès;10812;73.71;691;2.19080;42.20102;8;2;1;1;0;0;0;1;4;2;2;3;2;1;2;2;0;5;1;1;1;1;3;35;2;3;1;4;1;6;6;1;4;0;0;3.12;3.12;0;0;0;0;0;0;30.09;0;0;0
081803;Ripollet;Vallès Occidental;39773;4.33;79;2.15343;41.49651;7;1;1;0;0;0;0;0;11;7;3;5;8;5;2;2;0;12;1;1;0;0;1;51;1;2;0;10;0;4;5;2;35;3;1;6.5;6.5;0;0;0;0;1.65;0.66;3.63;0;0;1.38
259139;Riu de Cerdanya;Cerdanya;96;12.34;1173;1.82625;42.34565;0;0;0;0;0;0;0;0;0;0;0;0;0;0;0;0;0;0;0;0;0;0;0;1;0;0;0;0;0;0;0;0;0;0;0;12.68;12.68;4.64;10.81;10.81;4.88;12.71;6.76;30.18;4.86;7.02;5.8
171485;Riudarenes;Selva;2524;47.6;84;2.71713;41.82248;3;0;0;0;0;0;0;0;1;0;0;1;1;0;0;0;0;1;1;1;0;0;0;7;0;1;0;1;0;0;0;0;0;0;0;16.55;16.55;1.7;5.56;4.17;0;5.93;2.84;17.47;0;4.31;6.38
171498;Riudaura;Garrotxa;526;23.6;572;2.40691;42.18867;2;1;1;0;0;0;0;0;1;0;0;1;1;0;0;0;0;0;0;1;0;0;0;4;0;0;0;0;0;0;0;0;0;0;0;5.02;5.02;5.1;5.1;5.1;5.59;6.26;17.41;30.58;6.83;6.5;5.97
431270;Riudecanyes;Baix Camp;1379;17.1;195;0.96090;41.13007;4;0;0;0;0;0;0;0;1;0;0;1;1;0;0;0;0;1;0;0;0;0;0;8;0;0;1;1;0;1;1;1;0;0;0;12.65;12.79;5.19;5.19;3.94;0;10.85;0;12.36;2.47;10.34;6.85
431286;Riudecols;Baix Camp;1280;19.46;299;0.97610;41.16923;2;0;0;0;0;0;0;0;1;0;0;1;1;0;0;0;0;1;0;0;0;0;0;6;0;0;0;1;0;0;0;0;0;0;0;10.96;11.31;4.31;4.31;3.93;0;11.28;3.24;10.88;3.85;11.1;3.7
171501;Riudellots de la Selva;Selva;2121;13.13;98;2.80161;41.89366;7;1;1;0;0;0;0;0;1;0;0;1;1;0;0;0;0;1;1;2;0;0;0;10;0;1;1;1;0;2;2;0;1;1;0;7.85;8.75;5.35;5.35;7.16;0;8.27;0;7.97;0;5.37;4.97
431299;Riudoms;Baix Camp;6927;32.43;125;1.05085;41.13774;6;0;0;0;0;0;0;0;2;1;1;1;2;1;1;0;0;2;1;1;0;1;2;16;0;1;0;2;0;2;2;1;1;1;0;5.29;5.31;0;0;0;0;5.68;4;4.91;0;5.1;0
171518;Riumors;Alt Empordà;258;6.54;7;3.04308;42.22684;0;0;0;0;0;0;0;0;0;0;0;0;0;0;0;0;0;0;0;2;0;0;0;4;0;0;0;0;0;0;0;0;0;0;0;8.52;8.52;4.54;4.54;4.54;2.01;6.66;5.5;32.17;4.47;6.55;4.36
081810;la Roca del Vallès;Vallès Oriental;11021;36.9;123;2.32583;41.58769;6;3;2;0;0;0;0;0;4;1;1;2;4;1;0;0;1;3;1;2;0;1;0;25;1;2;0;4;0;0;0;0;2;1;0;3.8;3.8;0;0;3.33;0;3.18;3.17;3.74;0;0;0
431303;Rocafort de Queralt;Conca de Barberà;246;8.47;566;1.28079;41.47751;1;0;0;0;0;0;0;0;1;0;0;0;1;0;0;0;1;0;0;0;0;0;0;5;0;0;0;0;0;0;0;0;0;0;0;21.71;21.71;10.35;15.24;15.24;4.3;14.88;14.77;28.68;4.56;20.39;8.62
431310;Roda de Berà;Tarragonès;8240;16.5;57;1.45687;41.18598;6;0;0;0;0;0;0;0;2;1;0;1;2;1;0;0;0;2;1;3;0;0;1;30;0;1;1;2;0;0;0;1;4;0;0;8.33;8.33;0;5.41;5.41;0;8.61;0;6.14;0;6.23;6.16
081831;Roda de Ter;Osona;6948;2.23;443;2.30927;41.98070;5;0;0;0;0;0;0;0;2;1;1;1;2;1;1;0;0;2;1;0;0;1;2;18;0;1;0;2;0;0;0;1;1;0;0;6.35;6.35;0;0;0;0;7.27;3.93;6.31;0;2.85;0
431325;Rodonyà;Alt Camp;518;8.49;312;1.39895;41.27974;3;0;0;0;0;0;0;0;1;0;0;2;1;0;0;0;0;1;1;0;0;0;0;3;0;0;0;1;0;0;0;0;0;0;0;12.32;12.32;7.62;7.62;11.92;0;4.81;6.53;15.34;0;11.77;12.39
431331;Roquetes;Baix Ebre;8606;136.92;14;0.50485;40.81751;4;0;0;0;0;0;0;0;2;1;1;1;2;1;1;1;1;2;1;4;1;0;1;17;1;2;0;1;1;0;0;0;0;0;0;1.04;1.04;0;0;0;0;0;1.9;1.44;0;0;1.6
171523;Roses;Alt Empordà;20175;45.91;5;3.17499;42.26325;7;2;1;0;0;0;0;1;5;3;3;3;4;2;3;3;0;11;1;0;1;1;2;34;2;1;0;12;1;5;8;2;20;1;3;18.05;18.05;0;0;0;0;0;10;42.12;0;0;0
251898;Rosselló;Segrià;3398;9.92;252;0.59613;41.69613;6;1;1;0;0;0;0;0;1;0;0;1;1;0;0;0;0;1;1;1;0;0;0;11;0;0;0;1;0;2;2;0;2;0;0;7.93;7.93;3.35;3.35;7.81;0;5.65;8.8;7.29;0;6.2;8.54
431346;el Rourell;Alt Camp;385;2.32;114;1.21781;41.22496;1;1;1;0;0;0;0;0;0;0;0;0;0;0;0;0;0;0;0;1;0;0;0;3;0;0;0;0;0;0;0;0;0;0;0;7.1;7.1;4;4;7.35;1.94;1.76;5.47;10.44;3.84;4.24;4.5
081846;Rubí;Vallès Occidental;82825;32.3;123;2.03108;41.49364;8;2;2;0;0;0;0;0;18;11;7;9;12;6;6;6;0;24;1;4;0;3;2;83;2;5;2;23;0;10;10;1;16;1;0;7.29;7.29;0;0;0;0;2.14;0;2.23;0;0;0
081859;Rubió;Anoia;228;48;629;1.56976;41.64428;0;0;0;0;0;0;0;0;0;0;0;0;0;0;0;0;0;0;0;0;0;0;0;3;0;0;0;0;0;0;0;0;0;0;0;7.52;7.52;5.96;5.96;7.27;5.27;8.32;8.91;6.78;7.19;6.93;7.47
171539;Rupià;Baix Empordà;323;5.29;66;3.01080;42.02046;0;0;0;0;0;0;0;0;0;0;0;0;0;0;0;0;0;0;0;1;0;0;0;1;0;0;0;0;0;0;0;0;0;0;0;16.09;16.09;5.85;7.51;5;1.74;6.8;5.34;15.44;6.65;6;2.28
089019;Rupit i Pruit;Osona;277;47.81;822;2.46472;42.02343;2;0;0;0;0;0;0;0;1;0;0;1;1;0;0;0;1;0;0;0;0;0;0;4;0;0;0;1;0;1;1;0;0;0;0;18.24;18.24;7.95;11.19;13.81;6.74;17.53;16.36;19.29;6.62;14.29;11.49
081878;Sabadell;Vallès Occidental;224589;37.79;190;2.10845;41.54631;8;9;3;1;3;1;1;1;65;44;19;36;42;21;15;11;0;69;7;22;2;7;7;257;7;16;7;61;2;25;26;6;65;5;1;0;0;0;0;0;0;0;0;0;0;0;0
081884;Sagàs;Berguedà;153;44.6;738;1.94446;42.02898;0;0;0;0;0;0;0;0;0;0;0;0;0;0;0;0;0;0;0;2;0;0;0;0;0;0;0;0;0;0;0;0;0;0;0;11.51;11.51;5.17;5.17;5.17;5.02;11.7;24.08;27.18;5.11;4.85;5.92
251902;Salàs de Pallars;Pallars Jussà;368;20.27;573;0.93229;42.21196;3;1;1;0;0;0;0;0;1;0;0;1;1;0;0;0;1;0;0;1;0;0;1;3;0;0;1;0;0;0;0;0;0;0;0;6.01;6.01;5.04;4.24;4.24;4.93;6.11;0;6.37;4.96;5.09;48.48
081901;Saldes;Berguedà;301;66.4;1215;1.70639;42.23889;3;1;1;0;0;0;0;0;1;0;0;1;1;0;0;0;0;1;0;2;0;0;0;11;0;0;0;1;0;0;0;0;0;0;0;19;19;13.17;13.17;13.17;0;18.86;21.92;24.25;14.82;19.54;14.31
171544;Sales de Llierca;Garrotxa;164;35.82;260;2.63502;42.26511;0;0;0;0;0;0;0;0;0;0;0;0;0;0;0;0;0;0;0;0;0;0;0;1;0;0;0;0;0;0;0;0;0;0;0;16.25;16.25;8.89;14.8;14.8;3.56;15.71;25.39;34.63;5.49;13.33;14.85
081918;Sallent;Bages;7043;65.22;278;1.89404;41.82602;6;2;1;1;0;0;0;0;3;1;1;3;2;1;1;1;0;3;1;6;0;0;2;19;1;2;0;3;0;0;0;0;2;1;0;12.61;12.61;0;0;0;0;11.97;11.59;10.95;0;0;6.02
431359;Salomó;Tarragonès;525;12.21;165;1.37482;41.22901;3;0;0;0;0;0;0;0;1;0;0;2;1;0;0;0;0;1;0;1;0;0;0;4;0;1;1;1;0;0;0;0;0;0;0;11.95;11.95;7.07;9.01;9.1;0;9.13;0;13.95;5.1;12.1;7.13
439057;Salou;Tarragonès;31018;15.13;2;1.12383;41.07524;8;2;1;0;0;0;0;0;6;4;4;5;4;2;1;1;0;10;1;1;0;1;1;31;2;3;1;10;0;1;16;16;37;1;15;8.96;8.96;0;0;0;0;5.38;0;3.63;0;0;0
171557;Salt;Gironès;34603;6.64;83;2.79262;41.97479;7;1;0;1;2;1;1;0;15;10;2;4;9;4;5;3;0;14;2;4;1;2;0;38;1;3;0;14;1;3;6;2;13;1;3;0;0;0;0;0;0;0;2.07;0;0;0;0
251919;Sanaüja;Segarra;388;32.99;409;1.30955;41.87572;2;0;0;0;0;0;0;0;1;0;0;2;1;0;0;0;0;1;0;1;0;0;0;4;0;0;0;1;0;0;0;0;0;0;0;41.07;41.07;10.32;10.74;10.74;0;19.95;22.66;39.92;10.04;10.52;10.22
081944;Sant Adrià de Besòs;Barcelonès;38980;3.82;14;2.21788;41.43015;8;4;2;1;1;0;0;0;7;5;3;6;4;2;4;3;0;11;2;7;0;0;2;50;3;6;1;12;0;1;3;0;14;3;2;1.01;1.01;0;0;0;0;1.87;0;0;0;0;0.94
081957;Sant Agustí de Lluçanès;Osona;106;13.26;816;2.13091;42.09382;0;0;0;0;0;0;0;0;0;0;0;0;0;0;0;0;0;0;0;0;0;0;0;0;0;0;0;0;0;0;0;0;0;0;0;14.63;14.63;7.09;11.83;9.07;4.15;12.82;7.25;20.24;5.63;11.19;3.69
081960;Sant Andreu de la Barca;Baix Llobregat;27069;5.5;42;1.97131;41.45010;7;0;0;0;0;0;0;0;7;3;2;5;7;3;1;1;0;10;1;4;0;1;0;39;1;3;2;10;0;4;4;1;14;2;0;4.89;4.89;0;0;0;0;6.75;0;6.55;0;0;0
081976;Sant Andreu de Llavaneres;Maresme;11910;11.83;114;2.48336;41.57450;7;1;1;0;0;0;0;0;2;1;1;2;2;1;0;0;0;5;1;1;0;0;1;22;0;2;1;5;0;0;0;0;2;1;0;4.89;4.89;0;0;4.31;0;4.7;0;6.59;0;2.93;4.83
171576;Sant Andreu Salou;Gironès;163;5.96;132;2.82587;41.87362;0;0;0;0;0;0;0;0;0;0;0;0;0;0;0;0;0;0;0;0;0;0;0;1;0;0;0;0;0;0;0;0;0;0;0;10.1;11.21;4.2;4.46;9.35;2.93;10.96;2.79;9.84;2.11;4.45;4.41
171833;Sant Aniol de Finestres;Garrotxa;381;47.73;289;2.61463;42.06332;2;1;1;0;0;0;0;0;0;0;0;0;0;0;0;0;1;0;0;1;0;0;0;3;0;0;0;0;0;0;0;0;1;0;0;13.39;18.21;6.09;6.09;12;6.06;17.01;19.14;17.78;6.11;11.53;10.55
081982;Sant Antoni de Vilamajor;Vallès Oriental;6722;13.7;258;2.40059;41.67356;4;0;0;0;0;0;0;0;1;0;0;1;1;0;0;0;0;2;1;2;0;0;0;25;0;1;0;2;0;0;0;1;1;1;0;7.31;7.31;1.91;1.91;3.05;0;5.26;3.96;13.26;0;3.97;3.16
081995;Sant Bartomeu del Grau;Osona;931;34.4;868;2.17638;41.98055;2;0;0;0;0;0;0;0;1;0;0;1;1;0;0;0;0;1;0;0;0;0;0;6;0;0;0;1;0;0;0;0;0;0;0;8.49;8.49;5.87;6.47;6.49;0;8.44;7.97;7.84;6.28;7.06;6.42
082009;Sant Boi de Llobregat;Baix Llobregat;85317;21.47;30;2.04313;41.34752;8;2;2;0;2;1;1;0;24;11;7;14;14;5;3;3;0;36;2;3;1;0;2;101;5;6;2;36;2;13;27;4;50;3;14;0;0;0;0;0;0;0;0;0;0;0;2.34
082016;Sant Boi de Lluçanès;Osona;600;19.48;813;2.15142;42.05871;3;1;1;0;0;0;0;0;1;0;0;1;1;0;0;0;0;1;0;1;0;0;1;7;0;1;0;1;0;0;0;0;0;0;0;16.29;16.29;7.21;9.32;5.27;0;16.1;7.5;16;6.53;8.42;7.86
082037;Sant Cebrià de Vallalta;Maresme;3855;15.8;71;2.59998;41.61957;6;1;1;0;0;0;0;0;1;1;0;1;1;1;0;0;0;1;0;2;0;0;0;10;0;1;0;1;0;1;1;0;2;1;0;4.79;4.79;0;2.61;2.96;0;5.06;2.85;2.78;2.62;3.42;2.79
082021;Sant Celoni;Vallès Oriental;18916;65.23;152;2.49238;41.69009;8;2;1;0;0;1;1;0;6;5;2;2;3;2;1;1;0;8;1;1;1;1;0;27;2;3;1;7;1;3;5;1;13;1;2;0;0;0;0;0;0;0;0;14.67;0;0;0
082042;Sant Climent de Llobregat;Baix Llobregat;4187;10.81;87;1.99585;41.33739;5;1;1;0;0;0;0;0;1;0;0;1;1;0;0;0;0;1;1;1;0;0;1;9;0;1;0;1;0;0;0;0;2;1;0;3.2;3.2;1.84;1.84;2.41;0;3.83;3.97;3.59;0;2.81;2.72
171582;Sant Climent Sescebes;Alt Empordà;691;24.37;86;2.98065;42.36931;3;1;1;0;0;0;0;0;1;0;0;1;1;0;0;0;0;1;0;2;0;0;0;4;0;0;0;1;0;0;0;0;0;0;0;11.45;11.45;7.22;10.13;10.73;0;11.93;10.04;44.45;7.43;7.08;10.18
082055;Sant Cugat del Vallès;Vallès Occidental;97959;48.23;124;2.08510;41.47061;8;4;3;0;7;0;0;0;23;18;13;31;12;6;10;10;0;22;4;9;2;3;6;183;9;10;8;21;2;27;28;3;34;2;1;6.79;6.79;0;0;0;0;0;0;0;0;0;0
082068;Sant Cugat Sesgarrigues;Alt Penedès;1037;6.24;266;1.75245;41.36260;4;0;0;0;0;0;0;0;1;0;0;1;1;0;0;0;0;1;0;2;0;0;0;5;0;1;0;1;0;1;1;0;1;0;0;3.97;3.97;3.89;5.17;4.74;0;4.75;2.47;4.84;5.01;5.47;3.56
251961;Sant Esteve de la Sarga;Pallars Jussà;118;92.87;875;0.76421;42.07979;0;0;0;0;0;0;0;0;0;0;0;0;0;0;0;0;0;0;0;0;0;0;0;1;0;0;0;0;0;0;0;0;0;0;0;14.46;14.46;14.14;14.14;12.58;8.63;14.28;10.06;14.12;8.99;16.41;32.79
082074;Sant Esteve de Palautordera;Vallès Oriental;3099;10.64;231;2.43689;41.70321;4;1;1;0;0;0;0;0;1;1;0;1;1;1;0;0;0;1;0;1;0;0;0;10;0;1;0;1;0;0;0;2;0;1;0;4.47;4.47;0;0.58;3.61;0;5.07;3.76;17.71;0.88;1.02;4.71
082080;Sant Esteve Sesrovires;Baix Llobregat;8112;18.56;183;1.87446;41.49320;7;1;1;0;0;0;0;0;3;2;2;2;2;1;1;1;0;2;1;3;0;0;0;17;3;3;1;2;0;0;1;0;0;0;1;4.5;4.5;0;0;0;0;2.87;0;14.12;0;0;3.36
171595;Sant Feliu de Buixalleu;Selva;883;61.94;402;2.60679;41.73557;2;0;0;0;0;0;0;0;1;0;0;0;1;0;0;0;0;1;0;1;0;0;0;6;0;1;0;1;0;0;0;0;0;0;0;11.31;11.31;1.68;1.68;1.68;0;12;2.47;14.96;3.09;9.8;3.17
082107;Sant Feliu de Codines;Vallès Oriental;6821;15;480;2.16443;41.68884;7;1;0;0;0;0;0;0;2;2;0;1;1;1;0;0;0;2;1;2;0;0;1;15;0;1;0;2;0;4;4;1;1;1;0;13.75;13.75;0;3.73;6.43;0;10.05;9.6;14.28;0;5.77;6.18
171609;Sant Feliu de Guíxols;Baix Empordà;23060;16.23;4;3.02899;41.78032;6;0;0;0;0;0;0;1;5;3;2;2;4;2;1;1;0;11;1;1;0;1;5;46;1;2;0;11;0;6;6;1;13;2;0;11.7;11.7;0;0;0;0;2.46;20.09;26.02;0;0;0
082114;Sant Feliu de Llobregat;Baix Llobregat;46688;11.82;25;2.07368;41.38108;8;2;1;1;0;0;0;0;11;6;5;9;7;2;1;1;0;12;1;8;1;1;0;59;1;5;1;13;1;2;2;3;21;1;0;1.77;1.77;0;0;0;0;0;0;1.28;0;0;0
171616;Sant Feliu de Pallerols;Garrotxa;1658;34.86;473;2.50673;42.07532;5;0;0;0;0;0;0;0;1;0;0;1;1;0;0;0;0;1;1;1;0;0;0;7;0;0;0;1;0;2;2;0;1;0;0;12.88;12.88;10.54;10.54;11.09;0;11.88;20.53;25.41;0;10.95;7.78
082129;Sant Feliu Sasserra;Bages;634;22.36;617;2.02242;41.94454;6;1;1;0;0;0;0;0;1;0;0;2;1;0;0;0;0;1;1;1;0;0;1;5;0;0;0;1;0;1;2;0;1;0;1;19.7;19.7;7.88;7.88;7.88;0;19.14;18.79;18.52;0;12.48;12.59
171621;Sant Ferriol;Garrotxa;248;42.24;146;2.67008;42.19891;0;0;0;0;0;0;0;0;0;0;0;0;0;0;0;0;0;0;0;2;0;0;0;2;0;0;0;0;0;0;0;0;0;0;0;12.01;16.71;2.2;11.62;11.62;2.23;15.62;23.68;26.73;2.38;11.19;11.63
082093;Sant Fost de Campsentelles;Vallès Oriental;9400;13.15;112;2.23291;41.51881;6;2;1;1;0;0;0;0;2;1;1;1;2;1;0;0;0;3;1;3;0;0;0;10;1;2;0;3;0;0;0;0;3;1;0;3.67;3.67;0;0;2.62;0;5.13;2.07;3.96;0;0;3.05
082135;Sant Fruitós de Bages;Bages;9324;22.29;247;1.88104;41.75175;7;2;1;0;0;0;0;0;4;2;1;2;3;1;1;1;0;4;1;1;0;1;2;30;1;1;0;4;0;1;2;1;5;1;1;4.94;4.94;0;0;0;0;4.17;4.54;4.63;0;0;0
171637;Sant Gregori;Gironès;4187;49.17;112;2.76017;41.99049;6;0;0;0;0;0;0;0;1;1;0;1;1;1;1;0;0;1;1;2;0;0;0;17;0;1;0;1;0;1;1;1;4;0;0;3.71;3.71;0;3.08;0;0;3.2;4.85;3.31;0;2.94;2.62
251924;Sant Guim de Freixenet;Segarra;1233;25.1;738;1.41847;41.65576;6;1;1;0;0;0;0;0;1;0;0;1;1;0;0;0;0;1;0;1;0;0;0;8;0;1;1;1;0;1;1;0;1;1;0;18.35;18.35;11.53;11.53;12.21;0;11.56;0;16.49;11.5;12.44;4.58
251977;Sant Guim de la Plana;Segarra;192;12.45;556;1.32409;41.76249;1;1;1;0;0;0;0;0;0;0;0;0;0;0;0;0;0;0;0;0;0;0;0;1;0;0;0;0;0;0;0;0;0;0;0;31.3;31.3;3.64;3.64;3.64;3.63;15.99;10.7;29.77;3.91;3.43;3.88
171642;Sant Hilari Sacalm;Selva;6071;83.28;803;2.50796;41.87848;7;2;1;1;0;0;0;0;2;1;0;1;2;1;0;0;0;2;1;1;0;1;2;11;1;1;0;2;0;2;2;0;2;0;0;21.28;21.28;0;7.05;7.05;0;13.16;17.65;21.15;0;0;0
082153;Sant Hipòlit de Voltregà;Osona;3649;0.92;536;2.23644;42.01545;4;0;0;0;0;0;0;0;1;0;0;1;1;0;0;0;0;1;1;1;0;1;0;8;0;2;0;1;0;0;0;0;1;0;0;8.98;8.98;0.86;0.86;3.27;0;9.56;3.22;9.13;0;3.76;0
081939;Sant Iscle de Vallalta;Maresme;1482;17.77;129;2.56916;41.62434;3;0;0;0;0;0;0;0;1;0;0;1;1;0;0;0;0;1;1;1;0;0;0;5;0;1;0;1;0;0;0;1;0;0;0;7.4;7.4;2.66;2.66;3.8;0;5.19;4.31;5.16;0;2.96;2.86
439023;Sant Jaume d'Enveja;Montsià;3759;60.79;7;0.71912;40.70720;6;1;1;0;0;0;0;0;2;0;0;2;2;0;0;0;1;1;2;0;0;1;2;11;0;1;0;1;0;2;2;0;3;1;0;11.88;11.88;1.68;1.68;1.68;0;13.51;8.51;11.83;0;2.03;0
082166;Sant Jaume de Frontanyà;Berguedà;25;21.26;1072;2.02385;42.18717;0;0;0;0;0;0;0;0;0;0;0;0;0;0;0;0;0;0;0;0;0;0;0;2;0;0;0;0;0;0;0;0;0;0;0;12.41;12.41;13.64;13.64;14.06;6.22;13.68;12.3;33.68;12.67;14.01;7.36
171655;Sant Jaume de Llierca;Garrotxa;861;6.75;203;2.60698;42.21258;2;0;0;0;0;0;0;0;1;0;0;1;1;0;0;0;1;0;1;1;0;0;0;6;0;0;0;1;0;0;0;0;0;0;0;11.79;11.79;7.53;10;10.12;2.26;10.88;28.31;30.45;0;8.43;11.42
431378;Sant Jaume dels Domenys;Baix Penedès;2819;24.45;213;1.55894;41.29915;6;1;1;0;0;0;0;0;1;0;0;1;1;0;0;0;0;1;1;6;0;0;0;13;0;0;0;1;0;2;2;0;1;1;0;8.47;8.47;4.62;4.62;4.93;0;1.81;4.5;12.8;0;5.08;8.83
171674;Sant Joan de les Abadesses;Ripollès;3393;53.67;773;2.28495;42.23264;7;1;0;0;0;0;0;0;1;1;0;1;1;1;0;0;0;2;1;1;0;1;3;14;0;1;0;2;0;3;3;1;4;1;0;9.8;9.8;0;8.69;7.38;0;8.66;8.39;33.14;0;8.64;0
171680;Sant Joan de Mollet;Gironès;536;3.15;54;2.94195;42.04616;1;1;1;0;0;0;0;0;0;0;0;0;0;0;0;0;0;0;0;0;0;1;0;4;0;1;0;0;0;0;0;0;0;0;0;11.64;11.64;5.04;5.04;2.05;1.28;11.83;1.28;11.6;3.43;11.5;0
082188;Sant Joan de Vilatorrada;Bages;11109;16.43;277;1.80546;41.74561;6;0;0;0;0;0;0;0;3;2;1;2;3;2;1;1;0;4;1;2;0;1;0;27;0;1;0;4;0;4;7;1;8;1;3;3.97;3.97;0;0;0;0;4.17;2.44;1.85;0;2.17;0
082172;Sant Joan Despí;Baix Llobregat;35811;6.17;10;2.05503;41.36788;7;0;0;0;0;1;1;0;7;4;3;5;5;2;2;2;0;9;2;6;0;1;0;65;2;4;1;9;0;1;1;0;8;0;0;0;0;0;0;0;0;1.49;0;1.99;0;0;0
171851;Sant Joan les Fonts;Garrotxa;3159;31.94;342;2.51108;42.21261;6;1;1;0;0;0;0;0;1;0;0;1;1;0;0;0;0;1;1;0;0;0;1;8;0;1;0;1;0;1;1;0;3;1;0;4.52;4.52;2;3.23;3.23;0;4.29;26.03;35.17;0;2.59;4.91
171668;Sant Jordi Desvalls;Gironès;881;11.72;57;2.95308;42.07154;4;1;1;0;0;0;0;0;1;0;0;1;1;0;0;0;0;1;0;1;0;0;0;5;0;1;1;1;0;0;0;0;0;0;0;13.96;13.96;7.35;7.35;5.02;0;13.98;0;14.09;3.39;10.14;2.99
089030;Sant Julià de Cerdanyola;Berguedà;234;11.79;954;1.89191;42.22347;2;1;1;0;0;0;0;0;1;0;0;1;1;0;0;0;1;0;0;1;0;0;0;6;0;0;0;0;0;0;0;0;0;0;0;13.48;13.48;3.93;3.93;3.93;1.45;13.85;14.47;38.59;14.3;14.36;1.41
171693;Sant Julià de Ramis;Gironès;3702;18.8;128;2.83922;42.03413;4;0;0;0;0;0;0;0;2;0;0;2;2;0;0;0;0;2;2;3;0;0;0;11;0;1;0;2;0;1;1;0;0;1;0;4.67;4.67;2.77;2.77;3.57;0;4.98;3.05;5.43;0;4.65;3.36
082205;Sant Julià de Vilatorta;Osona;3336;15.94;600;2.32553;41.92256;4;0;0;0;0;0;0;0;2;1;0;2;1;0;0;0;0;1;1;0;0;0;0;10;0;1;0;1;0;0;0;0;0;0;0;5.61;5.61;0;3.01;5.52;0;6.06;6.41;5.28;0;5.72;2.32
179032;Sant Julià del Llor i Bonmatí;Selva;1462;9.73;160;2.65033;41.97523;4;0;0;0;0;0;0;0;1;0;0;0;1;0;0;0;0;1;0;2;0;0;0;4;0;0;0;1;0;1;1;0;1;0;0;12.2;12.2;2.25;2.55;2.55;0;10.89;13.78;11.83;2.43;2.3;2.55
082212;Sant Just Desvern;Baix Llobregat;21045;7.81;122;2.07557;41.38593;6;1;0;0;0;0;0;0;6;4;2;6;4;2;1;1;0;5;1;5;0;1;0;26;4;2;0;5;0;0;0;0;7;1;0;2.13;2.13;0;0;0;0;1.72;2.32;1.77;0;0;0
082227;Sant Llorenç d'Hortons;Alt Penedès;2621;19.72;196;1.82462;41.46796;3;0;0;0;0;0;0;0;1;0;0;1;1;0;0;0;0;1;0;2;0;0;0;10;0;1;0;1;0;0;0;0;1;0;0;7.98;7.98;3.39;3.39;3.27;0;7.88;3.85;17.31;3.78;3.19;8.25
171714;Sant Llorenç de la Muga;Alt Empordà;247;31.84;173;2.79024;42.32032;2;2;2;0;0;0;0;0;0;0;0;0;0;0;0;0;1;0;0;1;0;0;0;3;0;0;0;0;0;0;0;0;1;0;0;14.8;14.8;12.66;12.66;14.53;6.23;16.72;14.04;37.27;9.32;11.93;8.28
251930;Sant Llorenç de Morunys;Solsonès;982;4.34;925;1.59004;42.13720;5;0;0;0;0;0;0;0;1;1;0;1;1;1;0;0;0;1;1;0;0;1;1;7;0;1;0;1;0;0;0;0;1;0;0;21.82;21.82;0;17.28;17.28;0;21.34;36.71;26.8;0;16.52;0
082233;Sant Llorenç Savall;Vallès Occidental;2591;41.11;466;2.05760;41.68047;3;0;0;0;0;0;0;0;1;0;0;1;1;0;0;0;0;1;1;2;0;1;0;9;0;1;0;1;0;0;0;0;0;0;0;13.44;13.44;7.45;8.07;8.07;0;13.6;11.74;9.63;0;7.94;0
082251;Sant Martí d'Albars;Lluçanès;135;14.73;629;2.07311;42.02844;0;0;0;0;0;0;0;0;0;0;0;0;0;0;0;0;0;0;0;0;0;0;0;2;0;0;0;0;0;0;0;0;0;0;0;18.54;18.54;3.71;3.71;3.71;4.21;18.44;14.52;17.84;4.15;15.01;10.37
082248;Sant Martí de Centelles;Osona;1261;25.55;404;2.25125;41.76376;3;0;0;0;0;0;0;0;1;0;0;1;1;0;0;0;0;1;0;0;0;0;0;4;0;0;1;1;0;0;0;0;0;0;0;17.16;17.16;4.63;5.13;5.13;0;9.09;0;18.57;0.51;3.93;4.69
171729;Sant Martí de Llémena;Gironès;727;43.13;256;2.64775;42.03621;0;0;0;0;0;0;0;0;0;0;0;0;0;0;0;0;0;0;0;1;0;0;0;1;0;1;0;0;0;0;0;0;0;0;0;12.82;14.29;4.99;4.99;8.98;4.67;13.5;15.34;13.89;5;8.55;7.85
259025;Sant Martí de Riucorb;Urgell;675;34.9;409;1.05461;41.56004;2;3;3;0;0;0;0;0;1;0;0;1;1;0;0;0;1;0;0;0;0;0;0;5;0;0;0;1;0;0;0;0;0;0;0;34.86;34.86;8.69;8.69;8.69;3.09;8.29;8.77;36.11;3.09;12.2;8.29
082264;Sant Martí de Tous;Anoia;1269;39.21;465;1.52329;41.56074;3;0;0;0;0;0;0;0;1;0;0;1;1;0;0;0;0;1;0;3;1;0;0;6;0;0;0;1;0;0;0;0;1;0;0;8.57;8.57;6.1;6.1;6.98;0;0;9.08;6.48;6.98;6.75;6.65
082270;Sant Martí Sarroca;Alt Penedès;3476;35.27;291;1.61156;41.38394;6;1;1;0;0;0;0;0;1;1;1;1;1;1;0;0;0;1;1;3;0;0;1;7;0;1;0;1;0;0;0;0;2;0;0;8.45;8.45;0;0;7.86;0;6.41;8.69;8.7;0;7.22;7.53
082286;Sant Martí Sesgueioles;Anoia;353;3.87;646;1.49122;41.70185;3;1;1;0;0;0;0;0;1;0;0;1;1;0;0;0;1;0;0;0;0;0;0;5;0;0;1;0;0;0;0;0;0;0;0;16.57;16.57;3.78;3.78;16.04;3.82;3.83;0;15.44;3.73;15.94;3.71
171735;Sant Martí Vell;Gironès;270;17.52;65;2.92805;42.00549;0;0;0;0;0;0;0;0;0;0;0;0;0;0;1;0;0;0;0;0;0;0;0;1;0;0;0;0;0;0;0;0;0;1;0;9.08;9.08;4.3;4.3;0;4.23;8.85;3.66;8.55;4.94;8.9;4.63
082299;Sant Mateu de Bages;Bages;640;102.92;569;1.66635;41.81822;3;1;1;0;0;0;0;0;1;0;0;1;1;0;0;0;0;1;0;0;0;0;0;5;0;0;0;1;0;0;0;0;0;0;0;18;18;6.98;6.98;6.98;0;15.93;9.5;15.83;7.41;7.8;6.15
171740;Sant Miquel de Campmajor;Pla de l'Estany;257;33.22;217;2.68755;42.12515;0;0;0;0;0;0;0;0;0;0;0;0;0;0;0;0;0;0;0;0;0;0;0;6;0;0;0;0;0;0;0;0;0;0;0;6.2;18.1;5.6;5.6;5.6;5.96;18.02;18.91;18.71;6.25;5.89;5.6
171753;Sant Miquel de Fluvià;Alt Empordà;858;3.51;28;2.99167;42.17207;3;0;0;0;0;0;0;0;1;0;0;2;1;0;0;0;0;1;0;2;0;0;0;5;0;0;1;1;0;0;0;0;0;0;0;11.07;11.07;8.53;8.53;8.53;0;10.07;0;24.75;7.6;7.08;10.71
171766;Sant Mori;Alt Empordà;167;7.53;51;2.99140;42.15292;0;0;0;0;0;0;0;0;0;0;0;0;0;0;0;0;0;0;0;1;0;0;0;2;0;0;0;0;0;0;0;0;0;0;0;13.13;13.13;10.58;10.58;10.58;2.26;12.18;2.14;22.99;7.15;6.85;12.27
171772;Sant Pau de Segúries;Ripollès;719;8.74;867;2.36486;42.26146;3;1;1;0;0;0;0;0;1;0;0;1;1;0;0;0;0;1;0;1;0;0;0;8;0;1;0;1;0;0;0;0;0;0;0;11.82;11.82;6.05;12.17;12.17;0;5.78;15.7;37.24;5.57;13.88;7.26
082310;Sant Pere de Ribes;Garraf;32613;40.8;44;1.77204;41.26239;7;2;0;1;0;1;1;0;8;4;3;3;7;4;2;2;0;8;2;11;3;2;0;42;2;2;0;5;0;3;3;3;10;1;0;0;0;0;0;0;0;0;4.07;5.77;0;0;0
082325;Sant Pere de Riudebitlles;Alt Penedès;2512;5.38;246;1.70180;41.45355;4;0;0;0;0;0;0;0;2;0;0;2;1;0;0;0;0;1;1;5;0;0;0;10;0;1;0;1;0;1;1;0;0;1;0;10.85;10.85;3.62;7.43;7.43;0;8.68;7.44;12.27;0;7.53;2.47
082331;Sant Pere de Torelló;Osona;2607;55.13;621;2.29585;42.07589;6;1;1;0;0;0;0;0;1;1;0;1;1;1;0;0;0;1;1;2;0;1;0;15;0;1;0;2;0;1;1;0;0;0;0;15.76;15.76;0;3.53;3.53;0;16.45;3.98;15.89;0;4.58;0
082346;Sant Pere de Vilamajor;Vallès Oriental;5069;34.72;305;2.39059;41.68501;4;1;1;0;0;0;0;0;1;1;1;1;1;1;0;0;0;1;0;4;0;0;0;15;0;0;0;1;0;0;0;0;0;0;0;7.98;7.98;0;0;4.36;0;5.78;5.35;13.56;1.82;4.51;4.6
171788;Sant Pere Pescador;Alt Empordà;2285;18.45;5;3.08193;42.18802;6;1;0;0;0;0;0;0;1;0;0;1;1;0;0;0;0;1;1;1;0;0;0;13;0;1;0;1;0;2;10;0;6;0;8;13.68;13.68;7.76;7.76;7.76;0;11.76;7.81;30.77;0;8.29;7.84
081897;Sant Pere Sallavinera;Anoia;177;22.02;588;1.57494;41.73600;1;0;0;0;0;0;0;0;0;0;0;0;0;0;0;0;0;0;0;2;0;0;0;2;0;0;1;0;0;0;0;0;0;0;0;16.88;16.88;5.15;5.15;17.11;4.29;5.19;0;16.76;5.12;16.11;5.33
082359;Sant Pol de Mar;Maresme;5778;7.53;15;2.62132;41.60015;8;1;1;0;1;0;0;0;1;1;1;1;1;1;1;0;0;2;1;1;0;1;1;11;0;1;1;2;0;3;3;0;2;1;0;3.4;3.4;0;0;0;0;3.61;0;0;0;2.48;0
082362;Sant Quintí de Mediona;Alt Penedès;2585;13.84;326;1.66295;41.46203;6;1;1;0;0;0;0;0;1;1;0;1;1;1;0;0;0;1;1;1;0;0;0;8;0;1;0;1;0;1;1;0;0;0;0;12.32;12.32;0;8.01;10.72;0;7.86;7.14;13.58;0;9.56;4.55
082378;Sant Quirze de Besora;Osona;2163;8.12;587;2.22272;42.10027;6;1;0;0;0;0;0;0;1;1;0;1;1;1;0;0;0;1;1;3;0;0;0;9;0;1;1;1;0;0;0;0;0;0;0;14.37;14.37;0;6.12;6.12;0;11.52;0;18.63;0;6.17;6.74
082384;Sant Quirze del Vallès;Vallès Occidental;20175;14.07;188;2.08069;41.53323;8;1;1;0;0;0;0;0;6;3;1;3;6;3;0;0;0;7;1;3;0;0;0;32;1;3;1;6;0;3;3;0;5;1;0;3.46;3.46;0;0;1.72;0;2.76;0;3.21;0;0;2.58
082397;Sant Quirze Safaja;Moianès;664;26.21;627;2.15305;41.72726;3;1;1;0;0;0;0;0;1;0;0;2;1;0;0;0;0;1;0;2;0;0;0;8;0;1;0;1;0;0;0;0;0;0;0;17.34;17.34;3.61;7.42;9.83;0;11.91;8.77;18.19;4.38;9.36;3.76
251945;Sant Ramon;Segarra;483;18.53;641;1.35903;41.72472;2;0;0;0;0;0;0;0;1;0;0;2;1;0;0;0;0;1;0;2;0;0;1;4;0;0;0;1;0;0;0;0;0;0;0;26.46;26.46;8.59;8.59;8.59;0;12.77;9.01;24.85;8.97;8.45;8.91
082401;Sant Sadurní d'Anoia;Alt Penedès;12930;18.96;162;1.78677;41.42419;8;2;1;0;0;0;0;0;4;4;2;4;2;2;2;2;0;5;1;3;0;0;2;26;1;2;1;5;0;1;1;0;1;0;0;10.16;10.16;0;0;0;0;11.35;0;11.53;0;0;5.35
082418;Sant Sadurní d'Osormort;Osona;86;30.6;531;2.37149;41.90516;0;0;0;0;0;0;0;0;0;0;0;0;0;0;0;0;0;0;0;0;0;0;0;0;0;0;0;0;0;0;0;0;0;0;0;9.84;9.84;5.09;7.13;9.67;4.4;10.19;10.55;9.5;4.58;8.24;6.39
080983;Sant Salvador de Guardiola;Bages;3596;37.15;334;1.76631;41.67922;4;2;2;0;0;0;0;0;1;0;0;1;1;0;0;0;1;1;1;1;0;2;0;14;0;1;0;1;0;0;0;0;0;0;0;7.57;7.57;5.06;5.06;6.38;0;8.36;6.78;7.89;0;7.34;0
082628;Sant Vicenç de Castellet;Bages;10167;17.13;176;1.86394;41.66570;7;1;1;1;0;0;0;0;3;2;1;1;2;1;2;2;0;4;1;0;0;3;0;15;0;1;1;2;0;0;0;0;4;1;0;6.41;6.41;0;0;0;0;6.67;0;8.4;0;6.55;0
082649;Sant Vicenç de Montalt;Maresme;6829;8.05;143;2.50942;41.57818;7;2;2;0;0;0;0;0;2;1;1;1;2;1;0;0;0;3;1;1;0;0;0;16;1;1;0;2;0;0;1;0;3;1;1;7.05;7.05;0;0;2.74;0;3.46;1.74;8.39;0;0;3.25
082652;Sant Vicenç de Torelló;Osona;2118;7.04;555;2.27401;42.06258;4;2;1;0;0;0;0;0;1;0;0;1;1;0;0;0;0;1;0;1;0;0;0;15;0;1;1;2;0;0;0;1;0;0;0;14.05;14.05;1.2;1.2;1.2;0;14.8;0;14.21;2.01;2.29;1.89
082634;Sant Vicenç dels Horts;Baix Llobregat;28760;9.12;22;2.00960;41.39325;8;1;1;0;0;0;0;0;8;3;3;4;6;2;2;2;0;12;1;4;1;0;2;39;2;1;3;11;0;9;9;3;12;1;0;4.82;4.82;0;0;0;0;0;0;5.09;0;0;2.13
431384;Santa Bàrbara;Montsià;3866;28.15;79;0.49279;40.71443;5;2;1;0;0;0;0;0;1;1;1;1;1;1;0;0;0;1;1;1;0;0;1;7;0;1;0;1;0;0;0;0;0;1;0;7.22;7.22;0;0;7.48;0;5.67;7.28;7.3;0;7.58;7.17
082439;Santa Cecília de Voltregà;Osona;197;8.63;519;2.22170;41.99366;0;0;0;0;0;0;0;0;0;0;0;0;0;0;0;0;0;0;0;0;0;0;0;0;0;0;0;0;0;0;0;0;0;0;0;7.1;7.1;1.88;2.58;4.49;2.86;7.5;3.99;7;2.7;6.06;2.8
082444;Santa Coloma de Cervelló;Baix Llobregat;8275;7.49;73;2.01614;41.36875;8;2;1;0;0;0;0;0;3;1;1;1;2;1;0;0;0;2;2;6;0;0;0;13;0;1;2;2;0;0;5;2;4;1;5;2.16;2.16;0;0;2.24;0;2.82;0;2.46;0;1.61;2.62
171805;Santa Coloma de Farners;Selva;14218;70.64;142;2.66300;41.86143;6;0;0;0;0;0;0;1;3;2;1;2;2;1;2;2;0;6;1;0;1;0;1;23;2;3;0;5;0;6;6;2;5;1;0;16.62;16.62;0;0;0;0;0;9.06;16.1;0;0;7.18
082457;Santa Coloma de Gramenet;Barcelonès;123250;7;56;2.20857;41.45164;7;4;3;0;1;1;1;0;32;21;9;13;25;13;5;4;0;38;4;15;0;5;1;87;4;5;0;39;0;25;25;2;43;1;0;0;0;0;0;0;0;1.21;2.15;0;0;0;0
431397;Santa Coloma de Queralt;Conca de Barberà;2832;33.85;674;1.38357;41.53239;6;0;0;0;0;0;0;0;2;1;0;1;1;1;0;0;0;2;1;0;0;0;0;9;0;1;0;2;0;3;3;2;2;0;0;20.6;20.6;0;17.88;18.49;0;12.04;14.08;18.45;0;18.6;9.53
171812;Santa Cristina d'Aro;Baix Empordà;5972;67.55;30;2.99689;41.81206;4;0;0;0;0;0;0;0;1;0;0;1;1;0;0;0;0;2;1;0;0;1;1;28;0;1;0;2;0;0;0;0;1;0;0;12.02;12.02;3;3;3;0;4.6;16.57;21.6;0;4.1;0
082460;Santa Eugènia de Berga;Osona;2350;7.01;538;2.28300;41.90040;3;1;0;0;0;0;0;0;1;0;0;1;1;0;0;0;0;1;0;1;0;1;0;6;0;1;0;1;0;0;0;1;0;1;0;4.45;4.45;2.71;2.71;3.83;0;4.16;4.43;4.16;3.29;3.12;0
082476;Santa Eulàlia de Riuprimer;Osona;1516;13.82;568;2.18787;41.91101;2;0;0;0;0;0;0;0;1;0;0;1;1;0;0;0;0;1;0;1;0;0;0;7;0;0;0;0;0;0;0;0;0;0;0;6.64;6.64;4.96;5.04;5.61;0;5.81;5.52;5.25;5.65;4.62;5.45
082482;Santa Eulàlia de Ronçana;Vallès Oriental;7955;14.23;236;2.22922;41.65236;7;1;1;0;0;0;0;0;2;1;1;1;2;1;1;0;0;2;1;2;0;0;0;9;0;1;0;2;0;2;2;0;3;1;0;7.01;7.01;0;0;0;0;5.99;6.03;7.74;0;2.52;3.37
082495;Santa Fe del Penedès;Alt Penedès;367;3.41;240;1.71995;41.37903;1;0;0;0;0;0;0;0;1;0;0;1;1;0;0;0;0;0;0;1;0;0;0;3;0;0;0;0;0;0;0;0;0;0;0;2.82;2.82;3.16;4.04;4.04;0.13;4.09;1;4.3;4.05;4.59;0.7
171827;Santa Llogaia d'Àlguema;Alt Empordà;400;1.94;42;2.95334;42.23412;0;0;0;0;0;0;0;0;0;0;0;0;0;0;0;0;0;0;0;0;0;0;0;4;0;0;0;0;0;0;0;0;0;0;0;3.77;3.77;1.39;1.39;1.39;2.03;3.69;2.82;29.48;3.54;1.14;3.45
082508;Santa Margarida de Montbui;Anoia;10601;27.59;316;1.60865;41.57478;6;0;0;0;0;0;0;0;3;1;1;3;3;1;0;0;1;3;1;2;1;1;1;16;1;2;0;3;0;4;4;0;5;1;0;1.73;1.73;0;0;1.13;0;0;1.81;1.77;0;0;0
082515;Santa Margarida i els Monjos;Alt Penedès;7775;17.16;161;1.66290;41.32110;7;2;2;0;0;0;0;0;3;1;1;2;3;1;1;0;1;3;2;4;0;1;0;28;0;2;1;3;0;1;1;0;0;1;0;5.28;5.28;0;0;0;0;3.82;0;3.99;0;3.32;0
082589;Santa Maria d'Oló;Moianès;1100;66.21;542;2.03486;41.87407;5;1;1;0;0;0;0;0;1;0;0;1;1;0;0;0;0;1;0;0;0;0;0;5;0;1;0;1;0;2;2;0;1;0;0;19.92;19.92;5.17;9.27;9.27;0;19.11;17.63;18.54;5.4;12.71;8.47
082536;Santa Maria de Besora;Osona;164;24.73;866;2.25842;42.12740;1;0;0;0;0;0;0;0;1;0;0;1;1;0;0;0;0;0;0;0;0;0;0;4;0;1;0;0;0;0;0;0;0;0;0;13.01;13.01;4.47;8.1;8.1;4.29;9.97;4.19;21.4;4.37;8.68;6.59
082567;Santa Maria de Martorelles;Vallès Oriental;867;4.51;181;2.25331;41.51981;3;0;0;0;0;0;0;0;1;0;0;1;1;0;0;0;0;1;0;1;0;0;0;6;0;0;0;1;0;0;0;0;1;0;0;4.62;4.62;1.71;1.71;2.88;0;4.42;3.34;4.41;1.45;1.48;2.98
082554;Santa Maria de Merlès;Berguedà;179;52.08;532;1.97668;42.00384;0;0;0;0;0;0;0;0;0;0;0;0;0;0;0;0;0;0;0;1;0;0;0;0;0;0;0;0;0;0;0;0;0;0;0;15.37;15.37;4.74;4.74;4.74;4.39;15.56;22.85;23.67;4.51;7.91;7.43
082573;Santa Maria de Miralles;Anoia;144;25.04;543;1.51587;41.50537;0;0;0;0;0;0;0;0;0;0;0;0;0;0;0;0;0;0;0;0;0;0;0;4;0;0;0;0;0;0;0;0;0;0;0;12.61;12.61;7.68;10.81;11.23;3.93;6.22;12.47;11.04;8.75;10.34;8.61
082592;Santa Maria de Palautordera;Vallès Oriental;10060;16.94;208;2.44610;41.69304;7;0;0;0;0;0;0;0;4;2;1;2;4;2;0;0;0;4;1;2;0;0;0;24;1;2;1;3;0;3;3;1;5;1;0;3.41;3.41;0;0;2.78;0;3.81;0;17.55;0;0;3.66
431401;Santa Oliva;Baix Penedès;3711;9.65;101;1.53428;41.24045;4;0;0;0;0;0;0;0;1;0;0;1;1;0;0;0;0;1;1;3;0;0;1;12;0;0;0;1;0;0;0;0;1;0;0;1.97;1.97;1.69;1.88;3.09;0;1.9;2.18;6.35;0;1.94;2.09
171848;Santa Pau;Garrotxa;1578;49.01;496;2.57031;42.14719;5;1;1;0;0;0;0;0;1;0;0;3;1;0;0;0;0;1;0;4;0;0;0;12;0;1;0;1;0;1;1;0;1;0;0;9.56;9.56;7.58;7.58;7.43;0;8.16;27.62;26.53;7.72;6.86;8.31
082606;Santa Perpètua de Mogoda;Vallès Occidental;26101;15.83;74;2.18344;41.53454;8;3;2;0;0;0;0;0;6;5;2;4;4;3;2;1;0;9;1;8;0;3;1;48;1;1;1;9;0;5;5;2;12;1;0;1.77;1.77;0;0;0;0;4.46;0;4.2;0;0;0
082613;Santa Susanna;Maresme;4049;12.63;10;2.70744;41.63539;7;0;0;0;0;0;0;0;2;1;0;1;2;1;1;0;1;1;1;0;0;0;0;22;2;1;1;2;0;0;3;0;5;0;3;4.76;4.76;0;1.59;0;0;4.56;0;7.94;0;0;1.71
081923;Santpedor;Bages;7739;16.5;336;1.83909;41.78325;6;0;0;0;0;0;0;0;3;2;1;2;2;1;1;0;0;3;1;1;0;1;1;25;0;1;0;3;0;1;1;0;4;0;0;7;7;0;0;0;0;6.59;5.69;4.78;0;4.48;0
431423;Sarral;Conca de Barberà;1647;52.39;467;1.24883;41.44428;4;0;0;0;0;0;0;0;1;0;0;1;1;0;0;0;0;1;1;0;0;0;1;11;0;1;0;1;0;0;0;0;1;0;0;17.88;17.88;10.73;10.73;10.73;0;10.35;10.24;32.73;0;16.64;4.1
171864;Sarrià de Ter;Gironès;5404;4.16;70;2.82498;42.01704;7;2;1;1;0;0;0;0;1;1;1;1;1;1;0;0;0;2;1;1;0;2;0;18;0;2;0;2;0;3;3;1;3;0;0;2.51;2.51;0;0;1.45;0;2.83;4.24;3.43;0;2.53;0
252017;Sarroca de Bellera;Pallars Jussà;111;87.51;1002;0.88092;42.36003;0;0;0;0;0;0;0;0;0;0;0;0;0;0;0;0;0;0;0;0;0;0;0;0;0;0;0;0;0;0;0;0;0;0;0;21.77;21.77;12.79;12.79;12.79;6.1;21.72;15.08;22.07;12.66;12.45;39.59
252000;Sarroca de Lleida;Segrià;383;42.18;201;0.56100;41.45857;3;0;0;0;0;0;0;0;1;0;0;1;1;0;0;0;0;1;0;0;0;0;0;4;0;0;0;1;0;0;0;0;1;0;0;18.86;19.08;11.99;11.99;15.46;0;18.86;17.83;15.73;9.28;15.15;15.98
171870;Saus, Camallera i Llampaies;Alt Empordà;908;11.36;86;2.96182;42.12283;4;1;1;0;0;0;0;0;1;0;0;1;1;0;0;0;0;1;0;0;0;0;0;9;0;1;1;1;0;0;0;1;0;1;0;16.15;16.15;9.34;12.25;10.7;0;15.53;0;18.85;7.37;5.78;8.31
431439;Savallà del Comtat;Conca de Barberà;49;14.8;825;1.29988;41.54305;0;0;0;0;0;0;0;0;0;0;0;0;0;0;0;0;0;0;0;0;0;0;0;1;0;0;0;0;0;0;0;0;0;0;0;27.07;27.07;6.94;14.36;15.08;7.08;17.91;14.67;24.89;7.08;15.1;11.64
431444;la Secuita;Tarragonès;1848;17.77;169;1.27935;41.20323;5;3;3;0;0;0;0;0;1;0;0;1;1;0;0;0;0;1;0;4;0;0;0;4;0;0;1;1;0;0;0;0;2;1;0;9.22;9.22;3.28;3.28;5.93;0;6.03;0;8.33;3.13;5.39;5.06
171886;la Selva de Mar;Alt Empordà;223;7.19;48;3.18707;42.32417;0;0;0;0;0;0;0;0;0;0;0;0;0;0;0;0;0;0;0;1;0;0;0;3;0;0;0;0;0;0;0;0;0;0;0;20.03;20.03;4.79;4.79;4.79;2.24;6.33;5.66;47.9;1.77;6.18;5.21
431457;la Selva del Camp;Baix Camp;5751;35.31;246;1.13697;41.21516;7;0;0;1;0;0;0;0;2;1;1;2;1;1;0;0;0;2;1;2;0;0;0;12;1;1;1;3;0;3;4;2;3;1;1;6.62;7.05;0;0;5.7;0;5.96;0;7.2;0;0;5.75
431460;Senan;Conca de Barberà;47;11.7;652;1.08828;41.46993;0;0;0;0;0;0;0;0;0;0;0;0;0;0;0;0;0;0;0;0;0;0;0;0;0;0;0;0;0;0;0;0;0;0;0;24.81;24.81;8.42;11.85;8.42;6.91;8.42;7.8;35.03;8.29;20.15;8.15
430445;la Sénia;Montsià;5605;108.41;369;0.28526;40.63335;7;1;0;1;0;0;0;0;1;1;1;1;1;1;1;1;0;3;1;2;0;1;0;17;1;2;0;3;0;2;3;0;6;1;1;26.09;26.09;0;0;0;0;24.4;14.46;26.04;0;0;0
252022;Senterada;Pallars Jussà;161;34.45;729;0.93659;42.32437;2;1;1;0;0;0;0;0;0;0;0;0;0;0;0;0;0;1;0;0;0;0;0;4;0;0;0;1;0;0;0;0;0;0;0;18.06;18.06;8.57;8.57;9.71;0;18.07;9.7;18.4;8.75;14.41;44.45
250352;la Sentiu de Sió;Noguera;448;29.62;281;0.87811;41.80552;3;1;1;0;0;0;0;0;1;0;0;1;1;0;0;0;0;1;0;0;0;0;0;7;0;0;0;1;0;0;0;0;0;0;0;29.19;29.77;5.41;5.41;4.72;0;6.34;5.56;29.66;5.62;5.29;6.45
082671;Sentmenat;Vallès Occidental;9528;28.8;207;2.13577;41.60860;6;2;1;0;0;0;0;0;4;2;2;3;2;1;0;0;0;3;1;6;0;1;0;20;1;3;0;1;0;0;0;0;2;0;0;6.03;6.03;0;0;3.51;0;6.68;5.66;6.98;0;0;0
171903;Serinyà;Pla de l'Estany;1227;17.38;188;2.74546;42.16961;3;1;1;0;0;0;0;0;1;0;0;1;1;0;0;0;0;1;0;2;0;0;1;8;0;1;0;1;0;0;0;0;0;0;0;6.24;20.36;5.21;5.28;5.28;0;20.64;18.88;21.47;5.05;5.32;5.89
252043;Seròs;Segrià;1922;85.75;103;0.41107;41.46385;5;2;1;1;0;0;0;0;1;1;1;1;1;1;0;0;0;1;1;1;0;0;0;8;0;1;0;1;0;0;0;0;0;0;0;24.59;24.59;0;0;20.49;0;24.45;24.64;20.14;0;20.62;23.76
171910;Serra de Daró;Baix Empordà;241;7.91;15;3.07280;42.02793;0;0;0;0;0;0;0;0;0;0;0;0;0;0;0;0;0;0;0;0;0;0;0;3;0;1;0;0;0;0;0;0;0;0;0;20.06;20.06;4.82;5.12;5.34;3.46;4.59;9.77;20.53;4.72;4.35;4.52
171925;Setcases;Ripollès;196;49.12;1265;2.30148;42.37477;1;1;1;0;0;0;0;0;0;0;0;0;0;0;0;0;0;0;0;0;0;0;0;6;0;0;0;0;0;0;0;0;0;0;0;20.22;20.22;9.01;21.43;20.28;6.89;8.58;13.87;49;8.78;22.06;15.72
252038;la Seu d'Urgell;Alt Urgell;13003;15.45;691;1.46236;42.35815;7;2;1;1;1;1;1;1;4;3;2;4;3;2;2;2;0;5;1;3;1;0;2;29;2;3;0;5;0;3;3;0;5;1;0;0;0;0;0;0;0;0;35.76;0;0;0;18.84
082690;Seva;Osona;3818;30.4;663;2.28026;41.83880;5;2;2;0;0;0;0;0;2;0;0;2;2;0;0;0;1;1;0;0;0;0;0;10;0;0;1;1;0;2;2;0;0;1;0;11.01;11.01;3.81;3.81;4.79;0;10.43;0;10.61;3.57;3.71;6.72
252056;Sidamon;Pla d'Urgell;757;8.12;232;0.83218;41.62862;3;1;1;0;0;0;0;0;1;0;0;2;1;0;0;0;0;1;0;1;0;0;0;4;0;0;0;1;0;0;0;0;0;0;0;17.12;18.29;3.25;3.25;3.33;0;5.03;4.22;17.35;4.49;5.06;4.7
171931;Sils;Selva;6924;29.91;76;2.74354;41.80950;7;1;1;1;0;0;0;0;2;1;0;1;2;1;0;0;0;3;1;3;0;0;1;17;0;1;1;2;0;0;0;0;1;0;0;14.38;14.38;0;2.99;2.99;0;8.53;0;18.21;0;6.92;3.77
082704;Sitges;Garraf;32690;43.85;10;1.81172;41.23495;8;1;1;1;0;0;0;0;5;3;3;2;4;2;1;1;0;10;2;2;2;1;6;63;4;1;2;10;2;8;11;0;13;1;3;4.36;4.36;0;0;0;0;0;0;7.01;0;0;0
170524;Siurana;Alt Empordà;188;10.53;33;2.99423;42.20972;0;0;0;0;0;0;0;0;0;0;0;0;0;0;0;0;0;0;0;0;0;0;0;2;0;0;0;0;0;0;0;0;0;0;0;7.21;7.21;4.82;4.82;4.82;2.02;5.97;1.54;28.44;6.94;4.88;6.78
082711;Sobremunt;Lluçanès;89;13.8;881;2.16753;42.03529;0;0;0;0;0;0;0;0;0;0;0;0;0;0;0;0;0;0;0;0;0;0;0;5;0;0;0;0;0;0;0;0;0;0;0;13.38;13.38;6.9;6.9;3.2;3.03;13.64;6.96;13.08;5.32;7.2;6.21
252069;el Soleràs;Garrigues;313;12.23;381;0.68261;41.41402;2;1;1;0;0;0;0;0;1;0;0;2;1;0;0;0;1;0;0;1;0;0;0;4;0;0;0;0;0;0;0;0;0;0;0;23.62;24.27;6.59;19.19;17.14;6.09;14.84;16.1;22.07;6.13;20.83;11.6
431476;Solivella;Conca de Barberà;639;21.37;489;1.17777;41.45599;2;0;0;0;0;0;0;0;1;0;0;2;1;0;0;0;0;1;0;1;0;0;0;5;0;1;0;1;0;0;0;0;0;0;0;20.15;20.15;8.99;8.99;8.99;0;8.99;8.74;34.01;6;19.17;6.52
252075;Solsona;Solsonès;9741;17.7;664;1.51717;41.99472;7;2;1;1;0;0;0;1;3;2;2;2;2;1;2;2;0;4;1;2;0;1;2;18;1;1;0;4;1;4;4;1;7;1;0;30.23;30.23;0;0;0;0;29.17;27.84;38.11;0;0;0
082726;Sora;Osona;225;31.71;716;2.16002;42.11185;0;0;0;0;0;0;0;0;0;0;0;1;0;0;0;0;0;0;0;0;0;0;0;2;0;0;0;0;0;0;0;0;0;0;0;12.34;12.34;4.74;9.2;9.2;4.1;10.17;4.15;21.08;4.94;9.35;4.85
252081;Soriguera;Pallars Sobirà;449;106.39;1258;1.18105;42.37041;1;0;0;0;0;0;0;0;0;0;0;0;0;0;0;0;0;0;0;0;0;0;1;3;0;0;0;0;0;0;0;0;1;0;0;23.06;23.06;6.41;6.41;6.41;6.2;22.62;22.88;22.91;6.13;7.76;41.65
252094;Sort;Pallars Sobirà;2287;105.05;692;1.13125;42.41302;7;1;0;0;0;0;0;1;1;1;1;1;1;1;1;1;0;1;1;0;0;0;2;14;0;1;0;1;0;3;3;0;3;1;0;27.84;27.84;0;0;0;0;27.38;23.57;27.64;0;1.82;42.97
252108;Soses;Segrià;1884;30.16;118;0.48759;41.53322;5;1;1;0;0;0;0;0;1;0;0;1;1;0;0;0;0;1;0;2;0;0;0;6;0;0;0;1;0;3;3;0;1;0;0;14.61;14.61;4.09;4.09;10.54;0;14.59;15.52;10.14;2.24;10.65;13.86
082732;Subirats;Alt Penedès;3287;55.89;243;1.79469;41.38248;4;1;1;0;0;0;0;0;4;0;0;4;3;0;0;0;1;1;0;8;0;0;0;25;0;0;1;1;0;0;0;0;0;0;0;7.99;7.99;4.6;4.65;4.65;0;8.89;0;8.99;4.81;5.19;6.84
252115;Sudanell;Segrià;920;8.69;152;0.56708;41.55771;4;0;0;0;0;0;0;0;1;0;0;1;1;0;0;0;0;1;0;0;0;0;0;7;0;0;0;1;0;1;1;0;1;0;0;8.35;8.45;4.05;4.05;4.51;0;8.65;8.88;4.69;3.53;4.73;7.31
252120;Sunyer;Segrià;310;12.66;211;0.59152;41.52337;2;1;1;0;0;0;0;0;1;0;0;0;1;0;0;0;1;0;0;1;0;0;1;3;0;0;0;0;0;0;0;0;0;0;0;11.28;11.52;7.41;7.41;8.2;4.09;11.23;11.32;8.67;6.53;7.61;9.87
082747;Súria;Bages;6196;23.6;326;1.75419;41.83096;5;2;1;0;0;0;0;1;3;1;1;2;2;1;1;0;0;3;1;3;0;1;0;22;1;1;0;3;0;0;0;0;0;0;0;14.18;14.18;0;0;0;0;14.13;11.89;11.66;0;0;0
171946;Susqueda;Selva;103;50.61;816;2.54713;42.01433;0;0;0;0;0;0;0;0;0;0;0;0;0;0;0;0;0;0;0;0;0;0;0;0;0;0;0;0;0;0;0;0;0;0;0;20.33;20.33;4.31;4.31;9.6;4.75;19.25;22.63;20.95;4.32;9.18;7.94
082763;Tagamanent;Vallès Oriental;329;43.31;354;2.26721;41.73746;0;0;0;0;0;0;0;0;0;0;0;0;0;0;0;0;0;0;0;0;0;0;1;2;0;0;0;0;0;0;0;0;0;0;0;14.04;14.04;4.65;4.65;7.2;1.57;5.91;1.83;15.93;3.64;4.65;6.1
082779;Talamanca;Bages;209;29.43;552;1.97723;41.73826;0;0;0;0;0;0;0;0;0;0;0;0;0;0;0;0;0;0;0;2;0;0;0;4;0;0;0;0;0;0;0;0;0;0;0;11.64;11.64;5.65;6.61;6.93;3.87;10.93;11.99;12.3;5.91;9.62;6.72
252154;Talarn;Pallars Jussà;559;27.95;572;0.90004;42.18538;3;1;1;0;0;0;0;0;0;0;0;0;0;0;1;1;1;0;0;0;0;0;0;8;0;0;1;1;0;0;0;0;1;0;0;2.33;2.33;2.21;2.7;0;2.07;2.33;0;2.66;2.32;3.14;45.06
252167;Talavera;Segarra;281;30.11;791;1.33758;41.58189;0;0;0;0;0;0;0;0;0;0;0;0;0;0;0;0;0;0;0;1;0;0;0;1;0;0;0;0;0;0;0;0;0;0;0;23.48;23.48;6.69;11.21;11.84;5.27;15.61;10.74;21.29;6.66;11.94;6.42
171959;la Tallada d'Empordà;Baix Empordà;485;16.56;20;3.05602;42.07919;1;1;1;0;0;0;0;0;0;0;0;0;0;0;0;0;0;0;0;1;0;0;0;3;0;0;0;0;0;0;0;0;0;0;0;21.69;21.69;1.67;7.15;7.5;2.12;7.07;7.65;21.54;6.27;6.41;6.62
082785;Taradell;Osona;6838;26.48;623;2.28749;41.87367;7;2;1;0;0;0;0;0;3;1;1;1;2;1;0;0;0;3;1;2;0;0;1;19;1;1;0;3;0;2;2;0;2;1;0;7.36;7.36;0;0;6.13;0;6.92;4.84;7.09;0;0;3.06
431482;Tarragona;Tarragonès;143260;57.89;68;1.25430;41.11726;8;11;9;2;10;2;2;1;33;24;17;27;21;12;19;15;0;59;3;21;2;10;12;165;11;11;2;56;2;39;44;8;61;6;5;0;0;0;0;0;0;0;0;0;0;0;0
252173;Tàrrega;Urgell;18991;88.36;373;1.13908;41.64633;8;3;3;1;0;0;0;1;5;4;4;4;3;2;4;2;0;6;1;1;1;1;2;39;1;4;1;5;1;3;3;1;11;0;0;40.48;40.48;0;0;0;0;0;0;38.37;0;0;0
252189;Tarrés;Garrigues;125;13.01;578;1.01943;41.42267;0;0;0;0;0;0;0;0;0;0;0;0;0;0;0;0;0;0;0;0;0;0;0;4;0;0;0;0;0;0;0;0;0;0;0;24.8;24.8;6.84;12.57;6.84;3.66;3.48;3.14;30.59;3.62;21.67;3.66
252192;Tarroja de Segarra;Segarra;163;7.61;460;1.27616;41.73150;0;0;0;0;0;0;0;0;0;0;0;0;0;0;0;0;0;0;0;0;0;0;0;2;0;0;0;0;0;0;0;0;0;0;0;32.7;32.7;5.54;5.54;5.54;5.7;14.87;6.44;30.94;6.23;5.77;6.05
082750;Tavèrnoles;Osona;354;18.78;537;2.32654;41.95265;0;0;0;0;0;0;0;0;0;0;0;0;0;0;0;0;0;0;0;1;0;0;0;3;0;0;0;0;0;0;0;0;0;0;0;5.75;5.75;1.55;4.09;4.09;1.72;6.56;6.86;5.54;3.22;6.28;3.5
082802;Tavertet;Osona;128;32.49;869;2.41695;41.99533;0;0;0;0;0;0;0;0;0;0;0;0;0;0;0;0;0;0;0;0;0;0;0;3;0;0;0;0;0;0;0;0;0;0;0;14.5;14.5;5.75;9.28;9.28;5.95;15.35;12.21;14.32;9.04;10.22;9.04
082819;Teià;Maresme;6894;6.63;128;2.31983;41.49965;7;1;1;0;0;0;0;0;1;1;0;1;1;1;0;0;0;1;1;1;0;1;1;11;0;1;0;2;0;0;1;0;2;0;1;7.15;7.15;0;1.58;1.58;0;2.19;2.29;7.22;0;1.67;0
252206;Térmens;Noguera;1345;27.54;208;0.76021;41.71723;6;1;1;0;0;0;0;0;1;0;0;1;1;0;0;0;0;1;0;2;0;0;0;8;0;1;1;1;0;2;2;0;2;1;0;15.34;15.95;8.63;9.19;9.03;0;8.85;0;15.82;6.03;9.19;8.53
171962;Terrades;Alt Empordà;337;20.96;228;2.83898;42.31024;0;0;0;0;0;0;0;0;0;0;0;0;0;0;0;0;0;0;0;1;0;0;0;3;0;0;0;0;0;0;0;0;0;0;0;10.69;10.69;9.9;10.43;10.43;6.23;12.6;9.98;36.05;9.28;9.24;7.23
082798;Terrassa;Vallès Occidental;232676;70.16;277;2.01034;41.56301;8;3;0;0;6;2;2;1;57;36;21;41;33;18;17;17;0;68;6;16;2;7;7;252;7;15;6;53;2;14;14;6;63;3;0;0;0;0;0;0;0;0;0;0;0;0;0
082824;Tiana;Maresme;9362;7.95;136;2.26902;41.48175;7;1;1;0;0;0;0;0;2;1;1;2;2;1;0;0;0;3;1;2;0;1;0;14;1;1;0;3;0;3;3;1;2;1;0;2.57;2.57;0;0;2.92;0;2.52;2.06;2.55;0;0;0
252213;Tírvia;Pallars Sobirà;139;8.5;991;1.24308;42.51497;2;1;1;0;0;0;0;0;1;0;0;1;1;0;0;0;0;0;0;0;0;0;0;3;0;0;0;0;0;0;0;0;0;0;0;25.23;25.23;14.64;14.64;14.64;3.37;24.81;38.13;24.9;15;13.27;38.97
252228;Tiurana;Noguera;69;15.86;387;1.25544;41.97602;0;0;0;0;0;0;0;0;0;0;0;0;0;0;0;0;0;0;0;0;0;0;1;4;0;0;0;0;0;0;0;0;0;0;0;36.26;36.26;9.14;9.14;11.54;8.82;24.6;32.13;36.23;8.82;9.19;21.4
431495;Tivenys;Baix Ebre;952;53.54;13;0.51167;40.90699;3;1;1;0;0;0;0;0;1;0;0;1;1;0;0;0;0;1;0;0;0;0;0;6;0;0;0;1;0;0;0;0;0;0;0;10.37;10.37;9.17;9.42;9.42;0;9.82;11.12;9.8;7.35;9.68;11.25
431508;Tivissa;Ribera d'Ebre;1657;209.43;309;0.73252;41.04206;4;1;1;0;0;0;0;0;2;0;0;2;2;0;0;0;1;1;1;1;0;0;0;16;0;1;0;1;0;0;0;0;0;0;0;9.94;9.94;9.25;9.7;9.7;0;8.48;7.79;30.45;0;9.25;9.34
082830;Tona;Osona;8513;16.54;596;2.22802;41.84771;6;0;0;1;0;0;0;0;2;2;1;1;1;1;1;1;0;3;1;1;0;0;2;20;0;2;0;3;0;1;1;2;3;1;0;10.25;10.25;0;0;0;0;9.43;1.73;9.34;0;5.26;5.49
252234;Torà;Solsonès;1230;93.31;448;1.40278;41.81293;4;1;1;0;0;0;0;0;1;0;0;1;1;0;0;0;0;1;0;2;0;0;2;10;0;1;0;1;0;0;0;0;1;0;0;30.83;30.83;9.96;10.22;10.22;0;12.77;13.08;29.8;9.82;9.8;9.96
082845;Tordera;Maresme;19047;83.97;34;2.71858;41.70170;7;0;0;1;0;0;0;0;6;4;1;3;4;2;1;0;0;5;1;1;0;1;0;33;1;2;1;5;0;1;1;1;6;0;0;7.09;7.09;0;0;0;0;5.33;0;13.66;0;0;0
082858;Torelló;Osona;15334;13;508;2.26279;42.04997;8;1;1;0;0;0;0;0;5;4;1;3;3;2;1;1;0;5;2;1;0;1;1;23;2;2;1;4;0;2;2;1;4;0;0;12.6;12.6;0;0;0;0;13.32;0;12.78;0;0;0
252249;els Torms;Garrigues;135;13.75;476;0.71986;41.39417;0;0;0;0;0;0;0;0;0;0;0;0;0;0;0;0;0;0;0;1;0;0;0;2;0;0;0;0;0;0;0;0;0;0;0;26.52;27.28;6.35;18.39;16.32;5.43;12.18;17.78;25.05;5.28;24.03;12.1
252252;Tornabous;Urgell;828;24.17;289;1.05297;41.70166;3;1;1;0;0;0;0;0;1;0;0;2;1;0;0;0;1;0;0;0;0;0;0;5;0;1;0;1;0;1;1;0;0;0;0;36.52;37.58;8.85;8.85;8.85;3.35;9.14;6.51;37.02;7.44;9.9;9.14
252271;la Torre de Cabdella;Pallars Jussà;760;165.27;1075;0.98296;42.42190;3;1;1;0;0;0;0;0;1;0;0;2;1;0;0;0;0;0;0;0;0;0;1;6;0;0;0;0;0;0;0;0;2;0;0;29.47;29.47;12.05;12.05;12.05;11.43;29.5;20.29;29.82;12.04;12.12;35.55
082861;la Torre de Claramunt;Anoia;4154;15.02;363;1.65826;41.53353;4;1;1;0;0;0;0;0;2;0;0;3;2;0;0;0;0;1;0;3;0;0;0;7;0;1;0;1;0;0;0;0;1;0;0;6.85;6.85;2.38;2.38;5.28;0;2.3;2.86;6.95;2.32;6.23;2.3
431515;la Torre de Fontaubella;Priorat;120;7.11;369;0.86415;41.12446;1;1;1;0;0;0;0;0;0;0;0;0;0;0;0;0;0;0;0;0;0;0;0;1;0;0;0;0;0;0;0;0;0;0;0;19.26;19.26;4.71;4.71;4.71;4.27;11.95;1.09;20.43;4.46;15.34;4.34
431520;la Torre de l'Espanyol;Ribera d'Ebre;642;27.9;164;0.62488;41.19139;3;0;0;0;0;0;0;0;1;0;0;2;1;0;0;0;0;1;1;1;0;0;0;4;0;0;0;1;0;0;0;0;0;0;0;10.7;10.7;7.8;7.8;7.8;0;4.92;4.78;40.37;0;11.96;7.63
252265;Torrebesses;Segrià;280;27.45;287;0.59378;41.42658;1;0;0;0;0;0;0;0;1;0;0;1;1;0;0;0;1;0;0;3;0;0;1;3;0;0;0;1;0;0;0;0;0;0;0;21.92;22.21;9.65;15.79;18.95;4.4;21.76;18.31;19.36;9.82;18.33;16.41
431536;Torredembarra;Tarragonès;18190;8.71;15;1.39572;41.14592;8;1;0;1;0;0;0;0;3;2;2;3;3;2;2;1;0;6;2;1;0;1;0;30;0;2;1;6;0;4;5;0;9;1;1;12.24;12.24;0;0;0;0;13.58;0;11.86;0;11.63;0
252287;Torrefarrera;Segrià;4950;23.49;214;0.60686;41.67316;6;2;1;0;0;0;0;0;1;1;1;1;1;1;0;0;0;1;1;0;0;0;0;10;0;2;0;1;0;0;0;0;1;0;0;5.28;5.28;0;0;5.11;0;4.16;6.3;4.83;0;3.49;5.84
259078;Torrefeta i Florejacs;Segarra;593;88.91;475;1.26022;41.76371;0;0;0;0;0;0;0;0;0;0;0;0;0;0;0;0;0;0;0;0;0;0;0;4;0;0;0;0;0;0;0;0;0;0;0;35.69;35.69;2.93;2.93;2.93;2.93;13.57;10.09;34.02;3.53;3.34;3.34
252304;Torregrossa;Pla d'Urgell;2285;40.52;232;0.83190;41.58016;6;1;1;0;0;0;0;0;1;0;0;1;1;0;0;0;0;1;1;1;0;0;0;11;0;1;0;1;0;2;2;0;2;0;0;17.71;18.97;5.11;5.11;5.16;0;7.37;4.06;17.46;0;7.07;3.71
252311;Torrelameu;Noguera;816;10.93;201;0.70178;41.70568;3;1;1;0;0;0;0;0;1;0;0;2;1;0;0;0;0;1;0;2;0;0;0;7;0;0;0;1;0;0;0;0;0;0;0;11.2;11.59;8.61;8.61;10.24;0;11.26;2.98;11.53;1.84;9.85;6.56
082877;Torrelavit;Alt Penedès;1575;23.65;202;1.72989;41.44640;3;1;1;0;0;0;0;0;1;0;0;1;1;0;0;0;0;1;0;1;0;1;0;8;0;1;0;1;0;0;0;0;0;0;0;10.25;10.25;4.99;4.99;4.99;0;10.07;6.12;11.73;2.33;5.06;0
082883;Torrelles de Foix;Alt Penedès;2751;36.72;367;1.57024;41.40934;4;0;0;0;0;0;0;0;1;0;0;1;1;0;0;0;0;1;0;1;0;0;0;9;0;0;0;1;0;0;1;0;3;0;1;12.77;12.77;4;4;12.12;0;10.03;12.91;13.13;4.33;11.67;8.35
082896;Torrelles de Llobregat;Baix Llobregat;6162;13.56;126;1.97123;41.35459;6;0;0;0;0;0;0;0;1;1;0;1;1;1;0;0;0;1;1;4;0;1;1;9;0;0;0;1;0;0;2;0;4;1;2;5.05;5.05;0;3.65;4.38;0;5.79;4.72;5.3;0;4.18;0
171978;Torrent;Baix Empordà;181;7.96;44;3.12815;41.95183;1;1;1;0;0;0;0;0;0;0;0;0;0;0;0;0;0;0;0;0;0;0;1;0;0;0;0;0;0;0;0;0;0;0;0;11.01;11.01;4.41;5.39;5.58;2.61;5;17.67;24.06;2.45;5.47;5
252326;Torres de Segre;Segrià;2295;50.61;119;0.51952;41.53001;5;0;0;0;0;0;0;0;1;0;0;1;1;0;0;0;0;1;1;1;0;0;0;9;0;1;0;1;0;1;1;0;1;1;0;13.12;13.15;3.52;3.52;9.04;0;13.54;13.8;8.86;0;9.21;12.18
252332;Torre-serona;Segrià;419;5.89;197;0.63099;41.67299;1;0;0;0;0;0;0;0;1;0;0;0;1;0;0;0;0;0;0;0;0;0;0;3;0;0;0;0;0;0;0;0;0;0;0;5.47;5.47;1.74;1.74;4.7;1.9;5.84;5.04;5.58;1.75;3.51;5.62
171984;Torroella de Fluvià;Alt Empordà;774;16.85;9;3.04104;42.17492;0;0;0;0;0;0;0;0;0;0;0;0;0;0;0;0;0;0;0;0;0;0;0;4;0;0;0;0;0;0;0;0;0;1;0;12.51;12.51;9.31;9.31;9.31;1.56;11;4.25;27.45;3.63;9.34;9.68
171997;Torroella de Montgrí;Baix Empordà;12507;65.93;31;3.12624;42.04112;7;1;1;1;0;0;0;1;3;2;2;3;2;1;1;1;0;6;2;2;1;4;3;32;0;4;0;6;1;10;15;2;18;2;5;20.94;20.94;0;0;0;0;0;13.69;25.18;0;0.78;0
431541;Torroja del Priorat;Priorat;128;13.16;332;0.81018;41.21388;0;0;0;0;0;0;0;0;0;0;0;0;0;0;0;0;0;0;0;1;0;0;0;3;0;0;0;0;0;0;0;0;0;0;0;19.54;19.54;6.72;6.72;6.72;3.6;18.38;9.22;25.5;7.65;20.42;3.85
172001;Tortellà;Garrotxa;848;11.07;276;2.62966;42.23283;4;0;0;0;0;0;0;0;1;0;0;1;1;0;0;0;0;1;0;2;0;0;0;8;0;0;0;1;0;0;1;0;1;1;1;14.25;14.25;6.65;12.59;12.69;0;13.47;26.08;31.54;2.03;11.01;14.03
431554;Tortosa;Baix Ebre;36258;218.51;12;0.52078;40.81111;8;4;2;0;4;2;2;1;15;9;4;10;12;6;5;4;3;14;3;0;0;1;4;55;1;4;2;15;0;2;2;1;9;1;0;0;0;0;0;0;0;1.31;0;0;0;0;0
172018;Toses;Ripollès;198;57.88;1444;2.03712;42.32661;2;1;1;0;0;0;0;0;0;0;0;0;0;0;0;0;0;0;0;0;0;0;1;3;0;0;1;0;0;0;0;0;0;0;0;14.67;14.67;11.07;14.74;14.74;10.49;11.04;0;47;11.18;15.09;11.24
172023;Tossa de Mar;Selva;6293;38.58;5;2.91504;41.74190;7;2;1;1;0;0;0;1;1;1;1;1;1;1;0;0;0;4;1;1;1;0;1;19;2;1;0;4;1;2;11;0;10;1;9;11.16;11.16;0;0;7.2;0;0;14.29;25.44;0;0;6.96
252347;Tremp;Pallars Jussà;6156;302.82;468;0.89600;42.16694;8;2;1;1;1;1;1;1;3;2;1;3;2;1;1;1;0;3;1;1;1;0;2;21;1;3;1;3;1;4;4;0;6;1;0;0;0;0;0;0;0;0;0;0;0;0;42.98
172044;Ullà;Baix Empordà;1256;7.29;21;3.10761;42.05058;2;0;0;0;0;0;0;0;1;0;0;0;1;0;0;0;0;1;0;1;0;0;0;6;1;0;0;1;0;0;0;0;0;0;0;22.08;22.08;1.93;1.93;2.27;0;1.75;11.98;24.11;1.97;0;1.75
082900;Ullastrell;Vallès Occidental;2170;7.31;342;1.95670;41.52682;2;0;0;0;0;0;0;0;1;0;0;1;1;0;0;0;0;1;0;1;0;0;0;11;0;0;0;1;0;0;0;0;0;1;0;6.45;6.45;3.65;3.65;4.5;0;4.95;4.11;6.37;3;4.41;3.09
172057;Ullastret;Baix Empordà;252;11.09;49;3.06829;42.00006;1;0;0;0;0;0;0;0;1;0;0;1;1;0;0;0;0;0;0;0;0;0;1;3;0;0;0;0;0;0;0;0;0;0;0;17.18;17.18;5.14;5.17;5.17;4.02;4.87;10.57;19.37;4.65;3.67;6.5
431567;Ulldecona;Montsià;6814;126.88;133;0.44877;40.59810;7;0;0;0;0;0;0;0;1;1;1;1;1;1;1;0;0;3;1;2;0;1;1;12;0;1;1;3;0;5;5;1;7;1;0;16.46;16.46;0;0;0;0;15.06;0;16.26;0;6.23;0
431573;Ulldemolins;Priorat;390;38.17;650;0.85798;41.32784;2;0;0;0;0;0;0;0;1;0;0;1;1;0;0;0;0;1;0;1;0;0;0;4;0;0;0;1;0;0;0;0;0;0;0;27.92;28.51;8.35;19.49;19.49;0;10.79;14.32;28.19;8.42;26.71;10.28
172039;Ultramort;Baix Empordà;218;4.35;30;3.03414;42.03659;1;1;1;0;0;0;0;0;0;0;0;0;0;0;0;0;0;0;0;0;0;0;0;2;0;0;0;0;0;0;0;0;0;0;0;18.36;18.36;3.44;7.98;7.32;1.46;7.54;6.45;17.93;7.71;7.13;3.03
172060;Urús;Cerdanya;201;17.42;1263;1.85199;42.35046;0;0;0;0;0;0;0;0;0;0;0;0;0;0;0;0;0;0;0;0;0;0;0;2;0;0;0;0;0;0;0;0;0;0;0;10.95;10.95;6.4;10.92;10.92;3.68;11.02;4.71;32.27;3.76;5.5;3.8
082917;Vacarisses;Vallès Occidental;7710;40.7;382;1.91891;41.60589;8;1;0;0;0;0;0;0;2;1;1;2;2;1;0;0;0;2;1;0;0;1;1;13;0;1;2;2;0;1;1;0;2;0;0;9.39;9.39;0;0;6.68;0;9.01;0;8.05;0;5.92;0
170144;la Vajol;Alt Empordà;110;4.71;546;2.79928;42.40394;1;1;1;0;0;0;0;0;0;0;0;0;0;0;0;0;0;0;0;0;0;0;0;3;0;0;0;0;0;0;0;0;0;0;0;19.85;19.85;6.31;6.31;19.65;4;21.54;19.5;46.51;3.97;19.64;6.24
172076;la Vall d'en Bas;Garrotxa;3265;90.67;510;2.45919;42.11773;5;2;1;0;0;0;0;0;2;0;0;1;1;0;0;0;1;1;0;1;0;2;0;16;0;1;0;2;0;2;2;0;2;0;0;7.79;7.79;6.26;6.26;6.26;0;7.24;17.99;25.94;6.18;6.36;0
172082;la Vall de Bianya;Garrotxa;1342;93.62;367;2.45573;42.21103;1;0;0;0;0;0;0;0;0;0;0;1;0;0;0;0;0;1;0;1;0;0;0;4;0;0;0;1;0;0;0;0;0;0;0;2.8;2.8;3.24;3.24;3.24;0;4.02;21.47;34.53;4.24;4.85;4.26
250432;la Vall de Boí;Alta Ribagorça;1129;219.49;1111;0.84175;42.56274;5;4;4;0;0;0;0;0;1;0;0;1;1;0;0;0;0;1;0;0;0;0;1;9;0;0;0;1;0;0;3;0;3;0;3;15.9;15.9;15.5;15.5;15.5;0;16.26;37.32;44.8;15.71;15.74;16.85
259010;Vall de Cardós;Pallars Sobirà;391;56.2;898;1.22745;42.56373;2;0;0;0;0;0;0;0;1;0;0;1;1;0;0;0;1;0;0;1;0;0;2;5;0;1;0;0;0;0;0;0;1;0;0;30.1;30.1;11.27;18.54;18.54;7.64;29.71;41.93;29.75;11.23;16.93;38.84
082922;Vallbona d'Anoia;Anoia;1420;6.45;289;1.70867;41.52784;7;1;1;0;0;0;0;0;1;1;0;1;1;1;0;0;0;1;0;0;0;0;0;9;0;1;2;1;0;0;2;0;3;1;2;9.97;9.97;0;1.88;3.69;0;1.95;0;10.05;1.93;3.07;1.87
252385;Vallbona de les Monges;Urgell;224;34.14;481;1.08816;41.52512;1;1;1;0;0;0;0;0;0;0;0;0;0;0;0;0;0;0;0;1;0;0;0;6;0;0;0;0;0;0;0;0;0;0;0;30.13;30.13;13.36;13.36;13.32;7.06;13.04;13.48;39.6;7.15;14.27;13.04
082938;Vallcebre;Berguedà;260;27.99;1123;1.81806;42.20355;2;1;1;0;0;0;0;0;1;0;0;1;1;0;0;0;0;0;0;0;0;0;0;7;0;0;0;0;0;0;0;0;0;0;0;11.18;11.18;6.72;6.72;6.72;5.96;11.3;19.36;34.14;11.85;11.97;6.04
431589;Vallclara;Conca de Barberà;91;13.63;625;0.98057;41.37668;1;1;1;0;0;0;0;0;0;0;0;0;0;0;0;0;0;0;0;0;0;0;0;3;0;0;0;0;0;0;0;0;0;0;0;24.89;24.89;9.51;14.73;9.51;5.7;6.26;5.46;26.74;5.71;20.05;6.65
252402;Vallfogona de Balaguer;Noguera;2008;26.97;235;0.81566;41.75233;7;1;1;0;0;0;0;0;2;0;0;2;2;0;1;1;0;1;1;1;0;0;0;9;0;1;1;1;0;2;2;0;2;0;0;21.36;21.99;3.67;4.22;0;0;4.24;0;21.86;0;4.19;3.9
171707;Vallfogona de Ripollès;Ripollès;223;39.2;956;2.30528;42.18592;1;0;0;0;0;0;0;0;1;0;0;2;1;0;0;0;0;0;0;0;0;0;1;2;0;0;0;0;0;0;0;0;0;0;0;12.12;12.12;5.48;9.15;8.87;5.48;9.73;9.09;28.11;5.39;9.04;5.59
431592;Vallfogona de Riucorb;Conca de Barberà;97;10.94;573;1.23618;41.56276;1;1;1;0;0;0;0;0;0;0;0;0;0;0;0;0;1;0;0;1;0;0;0;2;0;0;0;0;0;0;0;0;0;0;0;31.08;31.08;11.74;11.74;11.74;9.47;12.59;12.66;29.83;12.24;11.91;12
082943;Vallgorguina;Vallès Oriental;3273;22.13;222;2.51061;41.64750;3;1;1;0;0;0;0;0;2;0;0;1;1;0;0;0;0;1;0;1;0;0;0;13;0;0;0;1;0;0;0;0;0;2;0;4.9;4.9;3.9;3.9;6.01;0;3.79;4.57;10.66;4.86;4.47;4.69
082956;Vallirana;Baix Llobregat;16239;23.88;177;1.93173;41.38486;6;0;0;0;0;0;0;0;5;2;1;2;4;1;0;0;0;5;1;2;0;0;3;22;1;1;0;4;0;4;4;1;4;1;0;9.06;9.06;0;0;4.49;0;6.76;6.31;9.35;0;0;5
172095;Vall-llobrega;Baix Empordà;902;5.45;49;3.12434;41.88600;2;0;0;0;0;0;0;0;1;0;0;2;1;0;0;0;0;1;0;0;0;0;0;4;0;1;0;1;0;0;0;0;0;0;0;3.73;3.73;2.94;3.87;3.87;0;4.17;22.65;25.37;2.98;3.73;4.38
431606;Vallmoll;Alt Camp;1997;16.68;161;1.24890;41.24260;3;1;1;0;0;0;0;0;1;0;0;2;1;0;0;0;0;1;0;1;0;0;1;6;0;0;0;1;0;0;0;0;0;0;0;4.55;4.55;4.74;4.91;5.2;0;4.59;4.15;12.17;4.66;5.88;4.86
082969;Vallromanes;Vallès Oriental;2782;10.65;153;2.29812;41.53178;6;1;1;0;0;0;0;0;1;1;0;1;1;1;0;0;0;1;0;1;0;0;0;11;0;0;0;1;0;1;1;0;1;0;0;7.63;7.63;0;1.84;2.1;0;4.18;4.81;6.44;2.45;3.34;2.51
431613;Valls;Alt Camp;25540;55.28;215;1.24761;41.28427;8;1;0;0;0;1;1;1;9;5;4;8;6;3;2;2;1;10;1;5;1;1;3;47;1;4;2;11;1;6;15;5;24;2;9;0;0;0;0;0;0;0;0;16.8;0;0;0
259062;les Valls d'Aguilar;Alt Urgell;259;123.81;669;1.34182;42.29404;0;0;0;0;0;0;0;0;0;0;0;0;0;0;0;0;0;0;0;9;0;0;0;0;0;0;0;0;0;0;0;0;0;0;0;11.9;11.9;11.04;11.55;10.8;5.96;11.64;31.51;12;11.97;12.22;26.87
252398;les Valls de Valira;Alt Urgell;848;171.25;740;1.46039;42.37719;0;0;0;0;0;0;0;0;0;0;0;0;0;0;0;0;0;0;0;0;0;0;1;1;0;0;0;0;0;0;0;0;0;0;0;2.48;2.48;2.45;2.45;2.45;1.88;2.35;35.85;2.14;2.42;1.82;18.7
431628;Vandellòs i l'Hospitalet de l'Infant;Baix Camp;7151;102.67;281;0.84352;40.99572;7;3;2;1;0;0;0;0;2;1;1;2;2;1;1;1;0;2;2;0;2;1;0;28;1;2;1;2;0;0;0;0;8;1;0;20.54;20.54;0;0;0;0;0;0;28.06;0;0;0
259097;la Vansa i Fórnols;Alt Urgell;189;106.08;989;1.52280;42.21264;0;0;0;0;0;0;0;0;0;0;0;0;0;0;0;0;0;0;0;0;0;0;0;1;0;0;0;0;0;0;0;0;0;0;0;16.62;16.62;10.39;16.53;16.53;10.16;16.9;35.78;16.98;10.14;17.04;10.05
082975;Veciana;Anoia;170;38.9;564;1.42939;41.65999;0;0;0;0;0;0;0;0;0;0;0;0;0;0;0;0;0;0;0;0;0;0;0;0;0;0;0;0;0;0;0;0;0;0;0;17.73;17.73;10.57;10.57;13.02;0.97;10.61;0.86;15.94;10.54;13.26;5.39
431634;el Vendrell;Baix Penedès;41195;36.8;49;1.53485;41.22004;8;2;1;0;2;1;1;1;7;6;4;8;6;5;1;1;0;13;2;2;1;4;5;63;3;5;2;12;0;2;3;4;19;2;1;0;0;0;0;0;0;0;0;0;0;0;0
172109;Ventalló;Alt Empordà;922;25.05;28;3.02686;42.14897;2;0;0;0;0;0;0;0;1;0;0;1;1;0;0;0;0;1;0;1;0;0;0;7;0;0;0;1;0;0;0;0;0;0;0;14.47;14.47;8.99;8.99;8.99;0;13.21;4.01;24.5;4.25;8.95;12.52
252424;Verdú;Urgell;874;35.79;434;1.14316;41.61035;4;1;1;0;0;0;0;0;1;0;0;2;1;0;0;0;0;1;0;1;0;0;1;3;0;0;0;1;0;1;1;0;0;1;0;37.45;37.45;3.23;3.23;3.21;0;4.22;4.47;37.54;3.89;3.96;4.13
172116;Verges;Baix Empordà;1160;9.7;23;3.04662;42.06049;3;0;0;0;0;0;0;0;1;1;0;1;1;1;0;0;0;1;0;1;0;0;0;7;0;1;0;1;0;0;0;0;0;0;0;20.16;20.16;0;7.08;7.41;0;6.81;6.84;19.91;7.02;6.23;4.73
431649;Vespella de Gaià;Tarragonès;502;18.04;191;1.36242;41.19525;0;0;0;0;0;0;0;0;0;0;0;0;0;0;0;0;0;0;0;2;0;0;0;1;0;0;0;0;0;0;0;0;0;0;0;12.57;12.57;3.52;5.59;5.77;1.7;12.78;3.35;12.05;1.63;10.58;3.65
082981;Vic;Osona;50405;30.58;484;2.25482;41.93011;8;2;1;1;11;1;1;1;13;10;8;5;7;5;5;5;0;16;1;11;1;1;4;115;3;5;1;15;2;14;17;1;25;1;3;0;0;0;0;0;0;0;0;0;0;0;0
172121;Vidrà;Osona;167;34.39;982;2.31026;42.12232;1;0;0;0;0;0;0;0;1;0;0;0;1;0;0;0;0;0;0;0;0;0;0;4;0;1;0;0;0;0;0;0;0;0;0;14.88;14.88;5.27;8.43;8.43;5.45;13.27;7.88;21.18;5.26;9.39;5.3
172137;Vidreres;Selva;8852;48.05;93;2.77704;41.79025;7;2;1;0;0;0;0;0;2;1;1;2;2;1;1;1;0;4;1;2;0;1;0;13;0;1;0;4;0;3;3;1;4;0;0;11.59;11.59;0;0;0;0;12.03;3.28;19.61;0;10.43;0
252430;Vielha e Mijaran;Aran;5857;211.74;974;0.76026;42.73862;6;0;0;0;0;1;1;0;1;1;1;1;1;1;1;1;0;2;1;0;1;1;2;24;1;3;0;2;1;4;5;0;4;2;1;0;0;0;0;0;0;0;57.96;65.08;0;0;0
431652;Vilabella;Alt Camp;731;18.19;254;1.33149;41.24800;3;0;0;0;0;0;0;0;1;0;0;1;1;0;0;0;0;1;0;1;0;0;1;4;0;0;1;1;0;0;0;0;0;0;0;7.76;7.76;7.87;7.87;7.87;0;7.25;0;14.71;6.66;7.96;7.97
172142;Vilabertran;Alt Empordà;962;2.29;19;2.97973;42.28360;4;1;1;0;0;0;0;0;1;0;0;1;1;0;0;0;0;1;0;1;0;0;0;4;0;0;0;1;0;0;1;0;0;0;1;2.63;2.63;1.51;1.51;1.51;0;2.41;2.24;35.39;2.7;2.56;2.23
172155;Vilablareix;Gironès;4079;6.17;99;2.79365;41.95250;5;1;1;0;0;0;0;0;1;1;1;1;1;1;0;0;0;1;0;2;0;1;0;17;0;1;0;1;0;1;1;0;0;1;0;1.95;2.23;0;0;0.89;0;1.85;2.36;1.83;2.5;1.71;0
082994;Vilada;Berguedà;430;22.34;757;1.93110;42.13720;3;1;1;0;0;0;0;0;1;0;0;1;1;0;0;0;0;1;0;0;0;0;0;12;0;0;0;1;0;0;0;0;0;0;0;7.44;7.44;7.17;7.17;7.17;0;8.02;21.5;34.55;8.11;8.05;8.17
172174;Viladamat;Alt Empordà;499;11.73;13;3.07411;42.13400;3;1;1;0;0;0;0;0;1;0;0;0;1;0;0;0;0;0;1;4;0;0;0;7;0;0;0;1;0;0;0;0;0;0;0;17.81;17.81;4.79;4.79;4.79;3.89;11.09;8.15;26.2;0;4.73;11.12
172168;Viladasens;Gironès;205;15.74;96;2.93024;42.09576;0;0;0;0;0;0;0;0;0;0;0;0;0;0;0;0;0;0;0;1;0;0;0;1;0;0;0;0;0;0;0;0;0;0;0;14.09;14.49;8.36;8.36;7.42;3.3;14.76;4.14;14.88;3.45;6.98;4.62
083015;Viladecans;Baix Llobregat;67536;20.4;18;2.01838;41.31550;8;4;3;0;0;1;1;0;16;10;7;10;11;6;5;4;0;18;1;3;0;1;1;73;3;4;1;18;0;1;2;1;11;1;1;0;0;0;0;0;0;2.36;0;4.23;0;0;0
083008;Viladecavalls;Vallès Occidental;7816;20.09;274;1.95406;41.55496;8;2;1;0;0;0;0;0;2;1;1;2;2;1;0;0;0;2;1;6;0;2;0;10;0;1;2;2;0;1;1;0;2;1;0;5.29;5.29;0;0;3.43;0;4.83;0;5.27;0;4.79;0
172180;Vilademuls;Pla de l'Estany;898;61.54;120;2.86689;42.17301;1;0;0;0;0;0;0;0;1;0;0;1;1;0;0;0;0;0;0;0;0;1;1;2;0;1;0;0;0;0;0;0;0;0;0;10.85;12.84;9.44;9.44;9.44;3.95;13.45;9.88;21.04;10.15;3.88;0
172207;Viladrau;Osona;1182;50.73;821;2.39056;41.84838;4;1;0;0;0;0;0;0;1;0;0;1;1;0;0;0;0;1;0;1;0;0;1;7;0;1;0;1;0;0;0;0;1;0;0;14.58;14.58;8.85;8.85;11.29;0;14.59;11.88;14.23;9.16;9.33;10.26
172214;Vilafant;Alt Empordà;5664;8.36;54;2.94110;42.25001;5;1;1;0;0;0;0;0;2;1;1;1;2;1;1;0;0;2;0;2;0;0;0;24;2;1;1;2;0;0;0;0;0;1;0;2.33;2.33;0;0;0;0;3.29;0;30.81;2.21;0;1.83
083054;Vilafranca del Penedès;Alt Penedès;42561;19.65;223;1.69797;41.34649;8;3;2;0;1;1;1;1;11;10;5;7;6;5;6;6;0;13;1;4;2;3;3;50;2;6;1;3;0;4;4;2;12;1;0;0;0;0;0;0;0;0;0;0;0;0;0
252445;Vilagrassa;Urgell;627;19.87;355;1.10667;41.64811;3;1;1;0;0;0;0;0;1;0;0;1;1;0;0;0;0;1;0;1;0;0;0;5;0;0;0;1;0;0;0;0;0;0;0;40.02;41.17;2.6;2.43;2.8;0;2.47;2.29;40.25;2.67;3.27;2.96
172235;Vilajuïga;Alt Empordà;1180;13.13;31;3.09418;42.32743;6;0;0;0;0;0;0;0;1;0;0;1;1;0;0;0;0;1;1;1;0;0;0;6;0;1;1;1;0;1;1;0;1;1;0;13.17;13.17;5.98;5.98;5.98;0;9.43;0;43.88;0;6.07;6.23
431750;Vilalba dels Arcs;Terra Alta;613;67.25;450;0.41008;41.12107;3;1;1;0;0;0;0;0;1;0;0;1;1;0;0;0;0;1;0;1;1;0;1;4;0;0;0;1;0;0;0;0;0;0;0;19.26;19.26;7.46;7.46;7.46;0;0;12.57;34.85;7.02;8.32;7.73
083067;Vilalba Sasserra;Vallès Oriental;790;6.05;200;2.44110;41.65292;3;0;0;0;0;0;0;0;1;0;0;2;1;0;0;0;0;1;0;1;0;0;0;6;0;0;0;1;0;0;1;0;0;0;1;5.41;5.41;3.65;3.65;3.65;0;4.55;2.38;13.88;3.75;4.71;2.92
252458;Vilaller;Alta Ribagorça;497;59.23;981;0.71677;42.47654;3;0;0;0;0;0;0;0;1;0;0;1;1;0;0;0;1;0;0;0;0;0;0;4;0;0;0;1;0;1;1;0;1;1;0;25.93;25.93;8.01;8.01;8.01;7.69;23.3;33.34;37.94;8;8.29;26.84
172240;Vilallonga de Ter;Ripollès;396;64.2;1067;2.31239;42.33168;1;0;0;0;0;0;0;0;1;0;0;1;1;0;0;0;1;0;0;0;0;0;0;4;0;0;0;0;0;0;0;0;0;0;0;17.04;17.04;5.53;17.74;16.49;2.7;4.77;12.52;44.29;4.9;18.24;11.1
431665;Vilallonga del Camp;Tarragonès;2494;9.04;124;1.20590;41.21142;3;0;0;0;0;0;0;0;1;0;0;1;1;0;0;0;0;1;0;1;1;0;1;3;0;0;0;1;0;0;0;0;1;0;0;8.88;8.88;2.29;2.29;5.55;0;0;5.18;8.97;2.27;2.75;2.97
172253;Vilamacolum;Alt Empordà;401;5.57;5;3.05699;42.19630;2;1;1;0;0;0;0;0;1;0;0;0;1;0;0;0;0;0;0;0;0;0;0;4;0;0;0;0;0;0;0;0;0;0;0;11.54;11.54;7.07;7.07;7.07;2.32;9.8;6.17;30.11;2.21;9.68;7.05
172266;Vilamalla;Alt Empordà;1202;8.77;45;2.97145;42.21707;3;0;0;0;0;0;0;0;1;0;0;1;1;0;0;0;0;1;0;1;0;0;0;10;0;1;1;1;0;0;0;0;0;1;0;5.81;5.81;3.26;3.26;3.26;0;5.02;0;28.31;5.55;3.22;5.47
172272;Vilamaniscle;Alt Empordà;185;5.46;169;3.06732;42.37537;1;1;1;0;0;0;0;0;0;0;0;0;0;0;0;0;0;0;0;1;0;0;0;3;0;0;0;0;0;0;0;0;0;0;0;15.06;15.06;7.27;7.27;7.27;3.5;14.61;5.77;47.6;3.43;7.77;7.11
252477;Vilamòs;Aran;174;15.44;1255;0.73902;42.75897;0;0;0;0;0;0;0;0;0;0;0;0;0;0;0;0;0;0;0;0;0;0;1;1;0;0;0;0;0;0;0;0;0;0;0;7.95;7.95;8.44;8.44;6.02;4.72;8.16;60.64;67.62;8.23;8.21;7.14
172288;Vilanant;Alt Empordà;405;16.87;98;2.88976;42.25450;2;1;1;0;0;0;0;0;1;0;0;0;1;0;0;0;0;0;0;0;0;0;0;4;0;0;0;0;0;0;0;0;0;0;0;5.63;5.63;4.71;5.35;5.35;1.73;7.28;4.57;30.28;5.7;3.22;5.09
431671;Vilanova d'Escornalbou;Baix Camp;615;17.16;226;0.93686;41.11287;3;0;0;0;0;0;0;0;1;0;0;1;1;0;0;0;0;1;1;3;0;0;0;3;0;0;0;1;0;0;0;1;0;0;0;15.15;15.24;4.01;4.01;4.01;0;11.51;3.68;14.82;0;11.07;9.63
252483;Vilanova de Bellpuig;Pla d'Urgell;1149;13.98;290;0.96122;41.61479;5;1;1;0;0;0;0;0;1;0;0;1;1;0;0;0;0;1;1;0;0;0;0;8;0;1;0;1;0;1;1;0;0;0;0;27.84;29.04;4.18;4.18;4.18;0;4.17;2.58;27.94;0;5.79;4.17
252496;Vilanova de l'Aguda;Noguera;194;53.68;409;1.25265;41.91147;0;0;0;0;0;0;0;0;0;0;0;0;0;0;0;0;0;0;0;0;0;0;0;1;0;0;0;0;0;0;0;0;0;0;0;40.67;40.67;5.37;5.37;14.84;5.54;18.71;26.51;40.59;5.55;5.88;14.36
252542;Vilanova de la Barca;Segrià;1160;21.55;195;0.72914;41.69123;6;1;1;0;0;0;0;0;1;0;0;1;1;0;0;0;0;1;0;0;0;0;0;9;0;0;1;1;0;2;2;0;2;1;0;11.48;12.14;10.13;10.13;10.62;0;11.48;0;11.99;2.83;10.67;5.71
252509;Vilanova de Meià;Noguera;478;105.24;633;1.02345;41.99557;3;1;1;0;0;0;0;0;1;0;0;1;1;0;0;0;1;0;0;5;0;0;0;9;0;0;0;0;0;0;0;0;1;0;0;21.49;21.49;11.71;11.71;11.71;11.27;21.66;13.58;21.31;11.16;15.9;29.48
431687;Vilanova de Prades;Conca de Barberà;110;21.51;893;0.95603;41.34805;0;0;0;0;0;0;0;0;0;0;0;0;0;0;0;0;0;0;0;0;0;0;0;4;0;0;0;0;0;0;0;0;0;0;0;24.38;25.02;10.58;17.08;12.47;4.99;9.67;8.66;24.8;5.1;19.96;5.11
083036;Vilanova de Sau;Osona;325;58.84;558;2.38416;41.94731;1;0;0;0;0;0;0;0;1;0;0;0;1;0;0;0;0;0;0;0;0;0;0;8;0;0;0;0;0;0;0;0;0;0;0;10.31;10.31;5.5;7.8;7.8;5.65;11;11.15;10.04;5.75;9.74;7.27
252516;Vilanova de Segrià;Segrià;1088;8.51;255;0.61679;41.71238;4;0;0;0;0;0;0;0;1;0;0;2;1;0;0;0;0;1;0;0;0;0;0;6;0;0;0;1;0;1;1;0;1;0;0;9.63;9.63;4.94;4.94;9.15;0;8.05;8.63;9.27;2.51;7.73;9.71
083020;Vilanova del Camí;Anoia;12886;10.28;302;1.63423;41.57225;8;1;1;0;0;0;0;0;3;1;1;2;3;1;0;0;0;3;1;3;0;0;0;17;0;1;1;3;0;2;2;0;2;0;0;2.12;2.12;0;0;0.55;0;1.42;0;2.22;0;1.7;1.42
089024;Vilanova del Vallès;Vallès Oriental;5697;15.2;91;2.30645;41.55481;6;2;1;0;0;0;0;0;2;1;1;2;2;1;0;0;0;2;1;0;0;1;0;17;0;1;0;2;0;0;0;0;1;0;0;6.53;6.53;0;0;3.08;0;6.21;5.11;4.81;0;3.68;0
083073;Vilanova i la Geltrú;Garraf;71305;33.99;22;1.72599;41.22410;8;3;2;0;2;1;1;1;17;11;6;9;12;6;5;5;0;23;2;10;2;3;6;90;3;5;1;22;2;19;31;4;57;4;12;0;0;0;0;0;0;0;0;0;0;0;0
431690;Vilaplana;Baix Camp;558;23.2;366;1.03309;41.22851;1;0;0;0;0;0;0;0;1;0;0;1;1;0;0;0;0;0;0;1;0;0;0;8;0;0;0;1;0;0;0;0;0;0;0;9.77;10.39;6.31;6.31;8.88;3.27;9.83;6.96;10.13;5.2;9.33;6.31
431704;Vila-rodona;Alt Camp;1388;33.11;259;1.35791;41.31091;5;0;0;1;0;0;0;0;1;0;0;1;1;0;0;0;0;1;1;0;1;0;0;4;0;1;0;1;0;1;1;0;1;0;0;9.39;9.39;8.69;8.69;8.69;0;0;8.42;20.21;0;8.41;9.35
172305;Vila-sacra;Alt Empordà;879;6.03;16;3.01854;42.26627;2;1;1;0;0;0;0;0;0;0;0;0;0;0;0;0;0;1;0;1;0;0;0;3;0;0;0;1;0;0;0;0;0;0;0;5.18;5.18;1.67;3.99;3.6;0;3.4;4.1;34.93;4.82;3.4;4.69
252521;Vila-sana;Pla d'Urgell;754;19.1;249;0.92729;41.66339;2;0;0;0;0;0;0;0;1;0;0;1;1;0;0;0;0;1;0;1;0;0;0;7;0;1;0;1;0;0;0;0;0;0;0;25.42;26.52;4.4;4.71;4.71;0;4.84;3.07;25.83;4.07;5.18;4.53
431711;Vila-seca;Tarragonès;24158;21.64;45;1.14484;41.11093;8;1;1;0;1;0;0;0;7;2;2;4;7;2;1;1;1;7;3;7;1;1;0;35;3;2;1;7;1;8;12;3;17;1;4;5.72;5.72;0;0;0;0;0;0;0;0;0;0
082140;Vilassar de Dalt;Maresme;9433;8.86;142;2.34749;41.52429;5;0;0;0;0;0;0;0;3;2;1;1;1;1;0;0;0;4;1;3;0;1;2;24;2;2;0;3;0;0;0;2;3;0;0;7.72;7.72;0;0;2.55;0;3.92;4.11;7.2;0;0;0
082191;Vilassar de Mar;Maresme;21234;4;10;2.39248;41.50244;7;0;0;1;0;0;0;0;5;2;2;4;4;2;0;0;0;9;1;1;0;1;1;35;1;2;2;8;0;9;9;1;14;2;0;6.72;6.72;0;0;1.94;0;3.1;0;4.48;0;0;0
172229;Vilaür;Alt Empordà;163;5.49;65;2.95496;42.14347;0;0;0;0;0;0;0;0;0;0;0;0;0;0;0;0;0;0;0;1;0;0;0;1;0;0;0;0;0;0;0;0;0;0;0;13.84;13.84;11.33;11.33;11.33;2.49;13.31;2.5;20.44;9.13;4.1;9.36
431726;Vilaverd;Conca de Barberà;494;12.61;269;1.17736;41.33434;2;0;0;0;0;0;0;0;1;0;0;1;1;0;0;0;1;0;0;1;0;0;0;4;0;0;1;0;0;0;0;0;0;1;0;8.39;8.39;4.38;5;5;1.74;4.71;0;20.83;4.82;8.14;8.14
431732;la Vilella Alta;Priorat;130;5.15;327;0.78161;41.22462;1;1;1;0;0;0;0;0;0;0;0;0;0;0;0;0;1;0;0;1;0;0;0;3;0;0;0;0;0;0;0;0;0;0;0;18.74;18.74;8.59;8.59;8.59;5.4;17.64;10.69;28.12;9.35;19.74;5.5
431747;la Vilella Baixa;Priorat;202;5.62;218;0.76192;41.22069;3;1;1;0;0;0;0;0;1;0;0;1;1;0;0;0;1;0;0;1;0;0;0;2;0;0;0;0;0;1;1;1;0;0;0;17.38;17.38;9.04;9.04;9.04;7.1;16.31;10.77;29.6;9.63;18.41;7.21
172333;Vilobí d'Onyar;Selva;3298;32.59;122;2.74108;41.89302;5;1;1;0;0;0;0;0;1;0;0;1;1;0;0;0;0;1;1;1;0;1;0;11;0;2;0;1;0;0;0;1;1;0;0;9.81;9.99;7.07;7.34;7.3;0;7.39;5.85;9.49;0;7.27;0
083041;Vilobí del Penedès;Alt Penedès;1157;9.34;286;1.66609;41.38564;2;0;0;0;0;0;0;0;1;0;0;1;1;0;0;0;0;1;0;1;0;0;1;6;0;0;0;1;0;0;0;0;0;0;0;4.67;4.67;4.69;4.69;4.69;0;5.14;5.19;5.53;4.48;4.44;4.1
172327;Vilopriu;Baix Empordà;220;16.38;82;2.98746;42.10941;0;0;0;0;0;0;0;0;0;0;0;0;0;0;0;0;0;0;0;0;0;0;0;2;0;0;0;0;0;0;0;0;0;1;0;17.82;17.82;6.78;11.91;10.02;2.39;13.63;2.32;19.07;7.66;8.36;7.93
252537;el Vilosell;Garrigues;178;18.88;665;0.94660;41.38331;0;0;0;0;0;0;0;0;0;0;0;0;0;0;0;0;1;0;0;0;0;0;0;4;0;0;0;0;0;0;0;0;0;0;0;27.78;27.78;12.2;16.31;12.2;4.44;8.57;5.06;28.61;4.6;22.74;8.57
431763;Vimbodí i Poblet;Conca de Barberà;889;66.09;496;1.04673;41.37549;4;1;1;0;0;0;0;0;1;0;0;1;1;0;0;0;0;1;0;1;1;1;2;7;0;1;1;1;1;0;0;0;0;0;0;19.93;19.93;4.33;9.21;4.33;0;0;0;24.98;5.28;16.09;0
252555;Vinaixa;Garrigues;435;37.59;479;0.97512;41.42773;5;0;0;0;0;0;0;0;1;0;0;2;1;0;0;0;0;1;1;1;0;0;0;5;0;0;1;1;0;2;2;0;0;0;0;28.1;28.1;10.44;13.43;10.44;0;6.85;0;32.19;0;22.93;7.13
431779;Vinebre;Ribera d'Ebre;428;26.44;34;0.58816;41.18485;3;1;1;0;0;0;0;0;1;0;0;2;1;0;0;0;0;1;0;1;0;0;0;5;0;0;0;1;0;0;0;0;0;0;0;10.75;10.75;5.92;5.92;5.92;0;1.77;1.62;41.04;1.7;11.93;5.97
431785;Vinyols i els Arcs;Baix Camp;2470;10.83;95;1.03917;41.11375;5;1;1;0;0;0;0;0;1;0;0;1;1;0;0;0;1;1;0;2;0;0;0;7;0;1;0;1;0;2;2;0;4;0;0;7.5;7.5;3.34;3.34;3.34;0;5.43;3.62;7.16;3.02;4.89;2.98
083089;Viver i Serrateix;Berguedà;178;66.8;729;1.77853;41.94675;0;0;0;0;0;0;0;0;0;0;0;0;0;0;0;0;0;0;0;0;0;0;0;0;0;0;0;0;0;0;0;0;0;0;0;18.7;18.7;8.54;8.54;8.54;8.75;18.32;24.27;23.21;8.48;8.72;8.68
430521;Xerta;Baix Ebre;1186;32.39;12;0.49056;40.90678;4;0;0;1;0;0;0;0;1;0;0;1;1;0;0;0;0;1;0;1;0;0;1;10;0;0;0;1;0;1;1;0;1;0;0;10.56;10.56;9.25;9.35;9.35;0;9.92;11.39;10.09;7.69;9.59;11.42
